cell,x,y,cell_class,strain,GFP,tissue,sex,age,diameter,gene-b0001,gene-b0002,gene-b0003,gene-b0004,gene-b0005,gene-b0006,gene-b0007,gene-b0008,gene-b0009,gene-b0010,gene-b0011
1771017028_D03,28462.0,62493.0,OPC,PDGFRA-GFP,1,hippo CA1,1,22.0,7.856783,0,0,0,0,0,0,0,0,0,0,2
1771017028_D09,64814.0,40672.0,VLMC,PDGFRA-GFP,1,hippo CA1,1,22.0,6.277291,0,0,0,0,1,0,0,0,0,0,0
1771017028_E01,63864.0,40602.0,VLMC,PDGFRA-GFP,1,hippo CA1,1,22.0,5.681252,0,0,0,0,0,0,0,0,0,0,0
1771017028_E03,28688.0,62251.0,OPC,PDGFRA-GFP,1,hippo CA1,1,22.0,7.148752,0,0,0,0,0,0,0,0,0,0,0
1771017028_E08,64288.0,40546.0,VLMC,PDGFRA-GFP,1,hippo CA1,1,22.0,6.059262,0,0,0,0,0,0,0,0,0,0,0
1771017028_E12,64999.0,40763.0,VLMC,PDGFRA-GFP,1,hippo CA1,1,22.0,6.456829,0,0,0,0,0,0,0,0,0,0,0
1771017028_F08,28844.0,62830.0,OPC,PDGFRA-GFP,1,hippo CA1,1,22.0,7.666182,0,0,0,1,0,0,0,0,0,0,0
1771017028_G03,28837.0,62709.0,OPC,PDGFRA-GFP,1,hippo CA1,1,22.0,7.343627,0,0,0,0,0,0,0,2,0,0,0
1771017028_G05,27907.0,59379.0,OPC,PDGFRA-GFP,1,hippo CA1,1,22.0,7.416518,0,0,0,0,0,0,0,0,0,0,0
1771017028_G10,28382.0,59137.0,OPC,PDGFRA-GFP,1,hippo CA1,1,22.0,7.063588,0,0,0,0,0,0,0,0,0,0,0
1771017028_H09,35460.0,20881.0,MFOL2,PDGFRA-GFP,0,hippo CA1,1,22.0,8.126044,0,0,0,1,0,4,0,0,0,0,1
1771017029_A07,27627.0,58820.0,OPC,PDGFRA-GFP,1,hippo CA1,1,22.0,7.334465,0,0,0,0,0,1,0,0,0,0,1
1771017029_A09,27642.0,57990.0,OPC,PDGFRA-GFP,1,hippo CA1,1,22.0,7.380163,0,0,0,0,0,0,0,0,0,0,0
1771017029_D05,28509.0,59646.0,OPC,PDGFRA-GFP,1,hippo CA1,1,22.0,8.167314,0,0,0,0,0,2,0,1,0,0,0
1771017029_D09,28938.0,60576.0,OPC,PDGFRA-GFP,1,hippo CA1,1,22.0,7.907968,0,0,0,0,0,0,0,1,0,0,0
1771017029_D10,29166.0,61439.0,OPC,PDGFRA-GFP,1,hippo CA1,1,22.0,6.404546,0,0,0,1,0,0,0,0,0,0,2
1771017029_E01,28979.0,62356.0,OPC,PDGFRA-GFP,1,hippo CA1,1,22.0,7.882417,0,0,0,0,1,0,0,0,0,0,0
1771017029_E02,28842.0,62618.0,OPC,PDGFRA-GFP,1,hippo CA1,1,22.0,7.779374,0,0,0,0,1,0,0,0,0,0,1
1771017029_E07,28671.0,60541.0,OPC,PDGFRA-GFP,1,hippo CA1,1,22.0,7.47072,0,0,0,0,0,0,0,0,0,0,0
1771017029_E10,29046.0,61196.0,OPC,PDGFRA-GFP,1,hippo CA1,1,22.0,7.398363,0,0,0,0,0,0,0,0,0,0,0
1771017029_F03,29301.0,62352.0,OPC,PDGFRA-GFP,1,hippo CA1,1,22.0,7.882417,0,0,0,0,0,0,0,0,0,0,2
1771017029_F07,28916.0,62474.0,OPC,PDGFRA-GFP,1,hippo CA1,1,22.0,7.551293,0,0,0,0,0,0,0,0,0,0,1
1771017029_G01,28912.0,62703.0,OPC,PDGFRA-GFP,1,hippo CA1,1,22.0,10.3725,0,0,0,0,0,0,0,0,0,0,0
1771017029_H07,27668.0,59613.0,OPC,PDGFRA-GFP,1,hippo CA1,1,22.0,8.506082,0,0,0,3,0,1,0,0,0,0,0
1771017029_H12,64466.0,40323.0,VLMC,PDGFRA-GFP,1,hippo CA1,1,22.0,7.015828,0,0,0,0,0,1,0,3,0,0,1
1771017030_A03,28644.0,62524.0,OPC,PDGFRA-GFP,1,cortex S1,-1,22.0,6.147402,0,0,0,0,0,0,0,0,0,0,1
1771017030_A07,64852.0,40594.0,VLMC,PDGFRA-GFP,1,cortex S1,1,22.0,7.744722,0,0,0,0,0,2,0,0,0,0,1
1771017030_A09,28596.0,60157.0,OPC,PDGFRA-GFP,1,cortex S1,0,22.0,6.671944,0,0,0,0,0,1,0,0,0,0,0
1771017030_A10,28530.0,61011.0,OPC,PDGFRA-GFP,1,cortex S1,0,22.0,6.570387,0,0,0,0,0,0,0,0,0,0,1
1771017030_A12,28894.0,60785.0,OPC,PDGFRA-GFP,1,cortex S1,0,22.0,5.901852,0,0,0,0,0,0,0,0,0,0,0
1771017030_B02,28742.0,61427.0,OPC,PDGFRA-GFP,1,cortex S1,-1,22.0,6.125486,0,0,0,0,0,0,0,0,0,0,0
1771017030_B03,28539.0,60710.0,OPC,PDGFRA-GFP,1,cortex S1,0,22.0,6.850955,0,0,0,0,0,0,0,0,0,0,0
1771017030_B04,29112.0,62441.0,OPC,PDGFRA-GFP,1,cortex S1,0,22.0,6.351833,0,0,0,0,0,0,0,0,0,0,0
1771017030_C09,28395.0,59436.0,OPC,PDGFRA-GFP,1,cortex S1,1,22.0,6.266569,0,0,0,0,0,2,0,2,0,0,0
1771017030_D02,27910.0,59150.0,OPC,PDGFRA-GFP,1,cortex S1,0,22.0,7.148752,0,0,0,0,0,1,0,0,0,0,0
1771017030_D06,29170.0,60078.0,OPC,PDGFRA-GFP,1,cortex S1,0,22.0,6.298678,0,0,0,0,0,0,0,1,0,0,0
1771017030_D11,28823.0,60835.0,OPC,PDGFRA-GFP,1,cortex S1,1,22.0,7.461714,0,0,0,2,0,0,0,1,0,0,0
1771017030_E01,28948.0,61999.0,OPC,PDGFRA-GFP,1,cortex S1,1,22.0,7.604535,0,0,0,0,0,0,0,0,0,0,0
1771017030_E06,28960.0,62487.0,OPC,PDGFRA-GFP,1,cortex S1,1,22.0,5.935934,0,0,0,0,0,0,0,0,0,0,0
1771017030_E08,28715.0,61708.0,OPC,PDGFRA-GFP,1,cortex S1,1,22.0,6.860763,0,0,0,0,0,0,0,0,0,0,0
1771017030_E12,28155.0,58853.0,OPC,PDGFRA-GFP,1,cortex S1,-1,22.0,7.063588,0,0,0,0,0,0,0,0,0,0,0
1771017030_F01,28424.0,61460.0,OPC,PDGFRA-GFP,1,cortex S1,-1,22.0,7.595687,0,0,0,0,0,0,0,0,0,0,0
1771017030_F02,27469.0,56716.0,OPC,PDGFRA-GFP,1,cortex S1,1,22.0,8.257382,0,0,0,0,0,0,0,0,0,0,0
1771017030_F09,29084.0,61654.0,OPC,PDGFRA-GFP,1,cortex S1,1,22.0,6.762042,0,0,0,0,0,0,0,0,0,0,0
1771017030_F11,29102.0,61267.0,OPC,PDGFRA-GFP,1,cortex S1,-1,22.0,2.719692,0,0,0,0,0,0,0,0,0,0,0
1771017030_F12,65214.0,40580.0,VLMC,PDGFRA-GFP,1,cortex S1,1,22.0,11.25548,0,0,0,0,0,0,0,0,0,0,0
1771017030_G04,27307.0,58964.0,OPC,PDGFRA-GFP,1,cortex S1,-1,22.0,8.02613,0,0,0,0,0,0,0,0,0,0,0
1771017031_C05,27748.0,57221.0,OPC,PDGFRA-GFP,1,cortex S1,1,22.0,5.775163,0,0,0,0,1,0,0,0,0,0,0
1771017031_C07,29016.0,60992.0,OPC,PDGFRA-GFP,1,cortex S1,0,22.0,7.407446,0,0,0,0,0,0,0,0,0,0,0
1771017031_D10,28732.0,59896.0,OPC,PDGFRA-GFP,1,cortex S1,1,22.0,6.590823,0,0,0,0,0,0,0,1,0,0,0
1771017031_E05,64767.0,40201.0,VLMC,PDGFRA-GFP,1,cortex S1,1,22.0,6.467235,0,0,0,0,0,2,0,0,0,0,0
1771017031_E11,65270.0,40618.0,VLMC,PDGFRA-GFP,1,cortex S1,1,22.0,5.740126,0,0,0,0,1,2,0,0,0,0,0
1771017031_F05,27445.0,57202.0,OPC,PDGFRA-GFP,1,cortex S1,1,22.0,6.446406,0,0,0,0,1,1,0,0,0,0,0
1771017031_F06,28970.0,60885.0,OPC,PDGFRA-GFP,1,cortex S1,1,22.0,7.316105,0,0,0,0,0,0,0,0,0,0,0
1771017031_F08,29006.0,62108.0,OPC,PDGFRA-GFP,1,cortex S1,1,22.0,5.693075,0,0,0,0,0,0,0,0,0,0,0
1771017031_G02,27520.0,57856.0,OPC,PDGFRA-GFP,1,cortex S1,1,22.0,7.613372,0,0,0,0,0,0,0,0,0,0,0
1771017031_H03,64953.0,40233.0,VLMC,PDGFRA-GFP,1,cortex S1,0,22.0,7.736035,0,0,0,0,0,0,0,0,0,0,0
1771017032_A06,65288.0,40414.0,VLMC,PDGFRA-GFP,1,cortex S1,1,22.0,6.781901,0,0,0,0,0,1,0,1,0,0,0
1771017032_A07,27499.0,59791.0,OPC,PDGFRA-GFP,1,cortex S1,1,22.0,6.601018,0,0,0,0,0,1,0,0,0,0,0
1771017032_A09,27754.0,57505.0,OPC,PDGFRA-GFP,1,cortex S1,1,22.0,7.09209,0,0,0,0,0,0,0,3,0,0,0
1771017032_B02,28994.0,60756.0,OPC,PDGFRA-GFP,1,cortex S1,1,22.0,6.059262,0,0,0,0,0,0,0,0,0,0,0
1771017032_B08,29191.0,62127.0,OPC,PDGFRA-GFP,1,cortex S1,1,22.0,7.361917,0,0,0,0,0,0,0,0,0,0,0
1771017032_B10,65352.0,40453.0,VLMC,PDGFRA-GFP,1,cortex S1,0,22.0,6.014708,0,0,0,1,0,1,0,0,0,0,0
1771017032_C01,28864.0,61268.0,OPC,PDGFRA-GFP,1,cortex S1,1,22.0,6.62136,0,0,0,0,0,0,0,0,0,0,0
1771017032_C02,28904.0,61277.0,OPC,PDGFRA-GFP,1,cortex S1,1,22.0,6.212685,0,0,0,0,0,1,0,0,0,0,1
1771017032_D03,65188.0,40433.0,VLMC,PDGFRA-GFP,1,cortex S1,1,22.0,6.125486,0,0,0,0,0,0,0,0,0,0,0
1771017032_D04,29280.0,61976.0,OPC,PDGFRA-GFP,1,cortex S1,1,22.0,7.232913,0,0,0,0,0,0,0,0,0,0,0
1771017032_D05,65183.0,40687.0,VLMC,PDGFRA-GFP,1,cortex S1,1,22.0,5.464053,0,0,0,0,0,0,0,0,0,0,0
1771017032_D07,65227.0,40922.0,VLMC,PDGFRA-GFP,1,cortex S1,1,22.0,7.2977,0,0,0,0,0,0,0,0,0,0,0
1771017032_D11,27664.0,59477.0,OPC,PDGFRA-GFP,1,cortex S1,1,22.0,6.549886,0,0,0,2,0,1,0,0,0,0,0
