1771017030_C09	28395.000000	59436.000000
1771017028_G05	27907.000000	59379.000000
1771052132_B02	27097.000000	56969.000000
1772099214_D12	28501.000000	59863.000000
1771017029_D09	28938.000000	60576.000000
1772099314_B05	49086.000000	40037.000000
1771048208_C05	26579.000000	57055.000000
1771048207_A11	26088.000000	57208.000000
1772099041_A03	27544.000000	60355.000000
1772117013_A03	49346.000000	39870.000000
1771017033_F01	29079.000000	62723.000000
1772117022_D07	25744.000000	58455.000000
1771017029_E10	29046.000000	61196.000000
1771017029_D05	28509.000000	59646.000000
1771017032_C02	28904.000000	61277.000000
1772099078_G02	29446.000000	61884.000000
1862091045_E11	37517.000000	44990.000000
1772099143_E12	28617.000000	60803.000000
1772099040_A08	27126.000000	59948.000000
1771051158_B09	26970.000000	58345.000000
1772099214_C05	36260.000000	30789.000000
1862091118_E08	38446.000000	42795.000000
1771051168_C08	27541.000000	60572.000000
1772117022_C10	27804.000000	59978.000000
1771017029_H07	27668.000000	59613.000000
1771017032_B02	28994.000000	60756.000000
1771048206_B11	26534.000000	56887.000000
1771051164_F10	27386.000000	56789.000000
1771051163_A06	28603.000000	61702.000000
1771051159_B05	29317.000000	61278.000000
1772099214_E05	28673.000000	60160.000000
1862091105_E04	38112.000000	44751.000000
1771051165_B03	28889.000000	62531.000000
1772117027_G04	26969.000000	60200.000000
1771017032_A09	27754.000000	57505.000000
1771048208_A12	26160.000000	56705.000000
1771051168_F02	26325.000000	56681.000000
1862091041_B10	27752.000000	55275.000000
1771051163_H04	22130.000000	58297.000000
1772117012_D12	28147.000000	58563.000000
1772125087_A04	26559.000000	55903.000000
1772092314_B12	28611.000000	58988.000000
1772089187_E10	27632.000000	57646.000000
1772117026_H09	49216.000000	40067.000000
1771017030_A09	28596.000000	60157.000000
1772063079_G11	29179.000000	61561.000000
1772092314_B05	28565.000000	58373.000000
1772099044_B07	26492.000000	56537.000000
1862091032_C03	37961.000000	44415.000000
1771017031_D10	28732.000000	59896.000000
1772117015_H08	25916.000000	57144.000000
1771051159_A09	26663.000000	58640.000000
1771017034_A08	29472.000000	61104.000000
1772092004_A03	29086.000000	61580.000000
1772094110_A06	28503.000000	58618.000000
1771051167_D01	26152.000000	58172.000000
1771051168_E05	26352.000000	57614.000000
1772078017_B01	27516.000000	57379.000000
1772117021_C02	28448.000000	62503.000000
1772117026_C09	49509.000000	39511.000000
1771017032_C01	28864.000000	61268.000000
1771051168_F07	27276.000000	56785.000000
1771052132_H05	26198.000000	56727.000000
1772117026_H08	48954.000000	40276.000000
1771017030_G04	27307.000000	58964.000000
1771017028_G10	28382.000000	59137.000000
1772125090_D06	29742.000000	52981.000000
1772117099_F06	27916.000000	57388.000000
1772117012_B10	29966.000000	52610.000000
1772117022_G04	28401.000000	62148.000000
1772099215_A08	28636.000000	60162.000000
1772117012_A09	49159.000000	40058.000000
1771048208_B05	27213.000000	58976.000000
1772125088_A01	24896.000000	58572.000000
1772099146_A04	28456.000000	58912.000000
1771051159_H07	25596.000000	58583.000000
1771051163_C11	29062.000000	62325.000000
1771051164_H07	26958.000000	57575.000000
1772099217_E10	27967.000000	59445.000000
1771017032_A07	27499.000000	59791.000000
1772125087_D06	27358.000000	57017.000000
1771052132_F03	27704.000000	59945.000000
1772117158_C05	29133.000000	62087.000000
1772117051_C06	24910.000000	57782.000000
1772117051_F03	26767.000000	58837.000000
1771051158_B01	26692.000000	60035.000000
1772117021_A05	28441.000000	62060.000000
1772075310_B09	36653.000000	40989.000000
1771051159_G03	28276.000000	62094.000000
1772058147_A06	39817.000000	44058.000000
1772117026_E08	166.000000	65336.000000
1771051168_F12	25454.000000	59232.000000
1772117022_G08	46261.000000	32026.000000
1772117027_A08	46445.000000	31610.000000
1772099313_E11	28549.000000	58974.000000
1771051158_H08	23558.000000	58411.000000
1862091035_C04	29176.000000	61683.000000
1771048206_C03	22400.000000	58176.000000
1772117051_H03	24662.000000	57814.000000
1772125088_G05	26931.000000	58435.000000
1772096133_G06	21717.000000	58265.000000
1772125087_A02	26951.000000	56791.000000
1771051159_G12	27571.000000	59778.000000
1771051159_G10	27260.000000	59509.000000
1772099304_C01	27878.000000	60456.000000
1771048208_F03	25220.000000	58207.000000
1772072243_H10	27391.000000	57391.000000
1771017030_B02	28742.000000	61427.000000
1772125090_B11	26255.000000	56063.000000
1771017030_E06	28960.000000	62487.000000
1772117051_A03	24230.000000	58009.000000
1772099055_H06	28340.000000	59039.000000
1772099217_G04	28108.000000	59049.000000
1772099057_H12	28947.000000	59624.000000
1772125090_B08	27041.000000	57811.000000
1771048206_A08	25950.000000	56149.000000
1772125087_A12	25332.000000	56437.000000
1772117027_A06	29682.000000	53136.000000
1771017030_A10	28530.000000	61011.000000
1771017032_F02	28223.000000	60271.000000
1771051158_E04	26867.000000	59453.000000
1771051167_A02	25803.000000	58651.000000
1771017033_H03	28905.000000	61425.000000
1772092284_H10	28680.000000	59098.000000
1862091020_A01	37817.000000	44120.000000
1772117013_C02	49205.000000	39983.000000
1772117013_B07	26350.000000	55710.000000
1771051150_C07	27348.000000	56472.000000
1771017029_A07	27627.000000	58820.000000
1772099044_D10	28841.000000	61663.000000
1772117012_H12	28922.000000	54373.000000
1771051168_A02	25835.000000	57836.000000
1771048207_C02	26877.000000	56542.000000
1772117051_H12	26636.000000	56508.000000
1772117012_E01	49555.000000	39373.000000
1771052132_A10	26825.000000	56636.000000
1771048206_F10	26102.000000	56043.000000
1772117039_G11	25465.000000	57932.000000
1771051168_G03	27296.000000	57496.000000
1771048206_D11	25229.000000	57232.000000
1771051168_G09	26383.000000	57198.000000
1772117050_B10	25010.000000	58286.000000
1771051158_B10	26781.000000	58735.000000
1771048208_E05	26540.000000	58287.000000
1772096168_G06	27504.000000	58057.000000
1771017031_F05	27445.000000	57202.000000
1772072242_D08	39954.000000	15042.000000
1771051159_E05	28252.000000	59714.000000
1771048206_G01	25455.000000	57519.000000
1771017029_G01	28912.000000	62703.000000
1862091110_G04	26893.000000	56111.000000
1771051159_F08	25141.000000	58913.000000
1771051168_E11	24630.000000	58391.000000
1772117012_A06	27810.000000	58345.000000
1771017031_C07	29016.000000	60992.000000
1772096120_E06	25918.000000	47142.000000
1771051168_H05	26082.000000	58416.000000
1772117015_A10	26362.000000	57755.000000
1772125088_C03	25422.000000	57359.000000
1772078014_C08	38253.000000	45295.000000
1771048207_C03	29897.000000	52737.000000
1772099055_F12	22744.000000	58360.000000
1772099217_H08	25515.000000	56892.000000
1772117050_F01	24816.000000	58599.000000
1771017032_G06	22025.000000	58560.000000
1772094118_F04	29444.000000	61883.000000
1771048207_B04	22767.000000	58442.000000
1772125088_H08	24126.000000	55999.000000
1771017151_A06	28917.000000	62100.000000
1771051167_G12	28606.000000	59592.000000
1772099214_G03	27365.000000	58105.000000
1771051168_D04	25960.000000	58017.000000
1772099218_G08	26349.000000	11509.000000
1771017032_E11	25977.000000	59384.000000
1771017037_D11	29081.000000	62136.000000
1771051163_H12	27248.000000	59683.000000
1771048207_H01	25342.000000	58995.000000
1772099315_E04	27570.000000	59056.000000
1771048206_G12	25933.000000	56927.000000
1771051168_F01	25142.000000	58561.000000
1772117051_G05	22096.000000	58146.000000
1772117051_B11	24748.000000	58493.000000
1771052132_F11	26138.000000	59338.000000
1772125088_C01	25384.000000	58221.000000
1771017030_E01	28948.000000	61999.000000
1772099215_F01	37002.000000	15845.000000
1771048207_D05	25793.000000	58343.000000
1772099093_H04	28337.000000	59858.000000
1772092010_G05	27468.000000	59133.000000
1771017030_D11	28823.000000	60835.000000
1771017032_H05	26330.000000	59513.000000
1772125088_E03	26439.000000	55762.000000
1772099043_H11	27674.000000	58206.000000
1771052132_E02	26985.000000	57470.000000
1772125087_B07	21853.000000	58378.000000
1771048207_C09	27810.000000	58884.000000
1772125088_G08	22394.000000	57857.000000
1771051168_A06	26018.000000	58033.000000
1771048205_C09	26848.000000	59018.000000
1772125087_F05	27134.000000	58644.000000
1771017028_F08	28844.000000	62830.000000
1772117059_F04	27318.000000	59564.000000
1771048208_C10	26611.000000	58091.000000
1772089196_A01	29034.000000	60925.000000
1772099214_D09	27899.000000	57008.000000
1772099302_B09	27800.000000	60931.000000
1772099014_F05	27684.000000	45228.000000
1772117051_C10	22421.000000	58301.000000
1772099044_F01	22101.000000	58724.000000
1772099143_H04	22113.000000	58312.000000
1772099143_C09	28709.000000	60130.000000
1862091028_F05	37969.000000	43871.000000
1771017030_D02	27910.000000	59150.000000
1771017030_A03	28644.000000	62524.000000
1772096126_C05	22339.000000	58679.000000
1772072243_D07	22101.000000	58024.000000
1772117038_C02	24234.000000	56833.000000
1772062128_A05	30859.000000	17211.000000
1772117050_E01	25193.000000	59081.000000
1772117039_C04	23847.000000	58220.000000
1772125088_F07	21510.000000	57499.000000
1772117161_B09	21793.000000	58588.000000
1772117051_E05	22034.000000	58308.000000
1772096152_A05	21827.000000	58564.000000
1862091035_F04	21767.000000	58736.000000
1772094122_A03	21727.000000	58513.000000
1772117137_C04	22124.000000	58582.000000
1771017028_E03	28688.000000	62251.000000
1772099085_H05	21886.000000	58806.000000
1771017030_F01	28424.000000	61460.000000
1771048207_A08	22113.000000	58294.000000
1772117099_G07	26044.000000	56398.000000
1772125080_H09	21834.000000	57896.000000
1771048205_C02	26642.000000	57391.000000
1771048205_E03	25916.000000	58675.000000
1772099085_A06	27299.000000	59362.000000
1771017029_E02	28842.000000	62618.000000
1771017029_E07	28671.000000	60541.000000
1772125088_D08	22072.000000	58263.000000
1772099040_H06	28806.000000	60381.000000
1771017029_A09	27642.000000	57990.000000
1772099048_G04	27721.000000	57686.000000
1772099055_E10	27398.000000	57589.000000
1771051159_D10	26324.000000	58418.000000
1771051147_B02	27253.000000	58363.000000
1772094142_B12	29114.000000	60431.000000
1771017034_D02	28567.000000	60413.000000
1771017032_G09	28082.000000	59639.000000
1771017031_C05	27748.000000	57221.000000
1771051163_C07	27749.000000	57650.000000
1772117051_H08	46277.000000	32065.000000
1771051146_E10	26978.000000	56197.000000
1771017030_B04	29112.000000	62441.000000
1771017032_D04	29280.000000	61976.000000
1772117026_H06	30156.000000	52375.000000
1771017030_E08	28715.000000	61708.000000
1771017037_A08	29062.000000	61873.000000
1771017029_F07	28916.000000	62474.000000
1771017151_C07	27284.000000	57873.000000
1772117038_E03	49311.000000	40079.000000
1771051159_C06	28282.000000	62386.000000
1771017030_F09	29084.000000	61654.000000
1771017032_E07	28822.000000	61018.000000
1772125087_F06	26780.000000	58598.000000
1771051163_H08	27960.000000	58857.000000
1771048206_A06	25762.000000	56835.000000
1771017032_E03	28869.000000	62545.000000
1771048207_D01	27299.000000	59448.000000
1771051168_C02	26487.000000	56666.000000
1771017029_F03	29301.000000	62352.000000
1862091053_E12	29103.000000	61575.000000
1771051147_C10	26642.000000	57613.000000
1771017030_F02	27469.000000	56716.000000
1772099304_G04	27067.000000	56373.000000
1771051159_C02	27722.000000	59703.000000
1771051158_A09	26653.000000	58528.000000
1772117051_G02	25844.000000	57480.000000
1772117025_C11	27374.000000	56885.000000
1771051150_E11	28857.000000	62041.000000
1772099027_C12	29117.000000	60601.000000
1771048208_F05	25900.000000	58264.000000
1771017031_F06	28970.000000	60885.000000
1771048207_C06	24758.000000	58576.000000
1771017030_B03	28539.000000	60710.000000
1771017030_A12	28894.000000	60785.000000
1771017029_D10	29166.000000	61439.000000
1771051168_G06	25773.000000	58495.000000
1771017028_D03	28462.000000	62493.000000
1771017151_H06	28918.000000	62711.000000
1771017029_E01	28979.000000	62356.000000
1771017028_G03	28837.000000	62709.000000
1772117013_E03	49275.000000	39880.000000
1771048206_A01	25860.000000	57075.000000
1771017030_F11	29102.000000	61267.000000
1772117027_C10	27275.000000	57775.000000
1772125087_C07	22435.000000	57498.000000
1771017033_F08	29010.000000	61725.000000
1771017030_D06	29170.000000	60078.000000
1771017031_F08	29006.000000	62108.000000
1771051147_D01	23215.000000	58088.000000
1772099057_A04	28783.000000	59908.000000
1771051163_B06	27975.000000	60317.000000
1862091052_E12	28812.000000	60098.000000
1772117012_H04	49199.000000	39959.000000
1862091032_A05	29213.000000	61293.000000
1771017030_E12	28155.000000	58853.000000
1771017031_G02	27520.000000	57856.000000
1772117050_F12	26318.000000	58901.000000
1771017032_D11	27664.000000	59477.000000
1771017032_B08	29191.000000	62127.000000
1772125087_E01	26716.000000	45902.000000
1772078019_E11	26410.000000	47278.000000
1772078019_E10	26705.000000	46366.000000
1772125088_D09	25101.000000	51587.000000
1772117038_H10	24861.000000	47919.000000
1772117014_A03	26721.000000	47963.000000
1772099040_C10	27200.000000	45836.000000
1772099035_E02	36253.000000	43507.000000
1772117015_E09	25498.000000	49706.000000
1772096135_E10	25689.000000	46580.000000
1772078030_C07	25694.000000	47554.000000
1772125088_F01	25119.000000	50641.000000
1772060225_B03	27604.000000	45140.000000
1772092004_A05	26839.000000	46650.000000
1772096138_A09	26568.000000	43289.000000
1772099301_F08	25910.000000	46973.000000
1772099037_B09	25327.000000	46432.000000
1772117151_C10	49471.000000	39497.000000
1772099044_C07	26533.000000	47728.000000
1772099316_E02	35508.000000	43691.000000
1772099313_C05	35993.000000	43388.000000
1772092013_E04	25439.000000	49034.000000
1772099040_A07	25250.000000	47016.000000
1772089188_E01	26970.000000	45479.000000
1772117100_C08	25589.000000	46959.000000
1772125088_G01	24958.000000	48532.000000
1772092004_B11	26683.000000	46182.000000
1771051168_C09	25558.000000	50919.000000
1772078030_D01	26756.000000	46122.000000
1772117057_E07	26550.000000	46879.000000
1772117099_E06	25535.000000	48259.000000
1772099301_E10	35776.000000	43637.000000
1772099305_D05	26198.000000	46092.000000
1772099093_B01	26438.000000	47745.000000
1772099083_H12	26282.000000	44340.000000
1772117107_D06	30124.000000	52348.000000
1771048206_A07	25254.000000	49817.000000
1772099087_A09	25381.000000	46579.000000
1772099143_C06	25582.000000	48538.000000
1772075304_A06	25390.000000	47099.000000
1772078018_B12	26303.000000	47420.000000
1772125087_E02	25330.000000	49643.000000
1772125080_D11	25478.000000	50945.000000
1772099313_E01	27083.000000	52673.000000
1772099305_E06	25316.000000	47320.000000
1772125087_H06	25495.000000	49993.000000
1772099084_E06	26688.000000	47894.000000
1772092304_H05	27279.000000	47764.000000
1772099058_A11	27178.000000	47865.000000
1771051168_G07	25558.000000	50105.000000
1772099072_B09	25794.000000	46281.000000
1772099054_D11	26979.000000	47321.000000
1772099078_A03	26769.000000	46462.000000
1772078018_B03	26381.000000	47535.000000
1862091031_E11	27025.000000	47578.000000
1772072243_H12	26919.000000	46550.000000
1772125087_C03	25216.000000	50730.000000
1772096144_H11	25860.000000	47970.000000
1772099052_E09	36521.000000	44056.000000
1772099056_H12	26476.000000	46793.000000
1772099072_F06	27048.000000	46881.000000
1772099305_D07	25720.000000	48198.000000
1772096085_B10	25454.000000	46665.000000
1772099218_A12	26537.000000	47116.000000
1862091115_H05	27345.000000	47267.000000
1772099036_F11	26525.000000	45472.000000
1772099215_D06	21909.000000	57162.000000
1772096165_E06	26788.000000	47221.000000
1772094121_C05	26204.000000	47140.000000
1862091035_F07	27527.000000	45811.000000
1772099009_E08	27335.000000	45428.000000
1772084021_G10	26830.000000	45125.000000
1772099078_D09	26868.000000	45181.000000
1772096101_G05	27353.000000	46208.000000
1772096110_A11	25260.000000	47062.000000
1772092293_B06	26759.000000	47566.000000
1772099055_G12	37162.000000	41237.000000
1772096083_H05	26194.000000	45407.000000
1772094140_E06	26793.000000	47099.000000
1772099086_C11	25430.000000	46906.000000
1771048207_B11	26438.000000	56613.000000
1772092009_B06	27530.000000	45731.000000
1772125078_A05	25027.000000	48494.000000
1772125087_D02	25529.000000	50639.000000
1772125087_A11	25272.000000	50861.000000
1772125088_H01	23956.000000	55795.000000
1772078030_A08	27234.000000	45398.000000
1772125088_G02	25175.000000	50867.000000
1772125087_G01	49404.000000	39706.000000
1771048207_E05	26634.000000	57121.000000
1772117123_C09	26905.000000	45777.000000
1862091053_D04	27188.000000	49343.000000
1772117051_F11	26306.000000	56048.000000
1772096172_F05	27115.000000	44785.000000
1772089205_D07	26096.000000	48258.000000
1862091031_F11	25980.000000	47603.000000
1772092282_A01	26507.000000	47549.000000
1772096150_F04	27187.000000	45857.000000
1772089187_B10	26870.000000	46962.000000
1772099143_F12	27068.000000	45884.000000
1772125087_A10	25688.000000	50554.000000
1862091028_D11	36316.000000	43447.000000
1772060224_G05	27170.000000	47024.000000
1771048207_B02	26604.000000	57449.000000
1772099085_G06	26544.000000	46573.000000
1772094124_G11	26331.000000	48200.000000
1772096099_H04	26807.000000	46936.000000
1862091036_D11	27234.000000	46937.000000
1772092004_B06	27545.000000	56183.000000
1771017151_D10	27274.000000	47208.000000
1772099072_G03	27103.000000	47319.000000
1771051158_D10	28161.000000	60371.000000
1772099217_H11	26980.000000	56438.000000
1772125088_F08	49320.000000	39794.000000
1862091021_G04	27268.000000	46678.000000
1772099040_H03	27711.000000	44264.000000
1771051165_D07	27760.000000	59160.000000
1772125090_D11	25317.000000	51280.000000
1772117015_F11	27046.000000	56525.000000
1772117051_H04	26223.000000	56610.000000
1772089190_G11	27986.000000	58288.000000
1862091022_F10	37014.000000	43508.000000
1772099026_E10	37822.000000	44248.000000
1772117013_B11	25586.000000	49611.000000
1772099039_E08	42666.000000	43683.000000
1772125088_D02	25276.000000	50747.000000
1772099044_F12	27036.000000	45250.000000
1772094141_A05	27258.000000	48559.000000
1772125087_C08	25367.000000	49730.000000
1862091020_G05	28603.000000	40949.000000
1772125088_H07	23611.000000	55972.000000
1772117013_B05	27800.000000	57207.000000
1862091105_D05	36396.000000	43067.000000
1772125088_G07	25238.000000	55296.000000
1862091045_B01	27422.000000	45650.000000
1772125088_E01	25622.000000	51461.000000
1772099081_D11	27482.000000	46264.000000
1772072243_C02	28088.000000	56336.000000
1862091118_B07	27056.000000	46836.000000
1862091036_A04	27930.000000	42111.000000
1772094110_E10	28934.000000	40151.000000
1772099033_C11	27323.000000	40322.000000
1772099040_C02	28292.000000	42023.000000
1772099155_A09	27923.000000	37947.000000
1862091035_D06	36604.000000	42268.000000
1772099078_D07	29001.000000	36964.000000
1772099035_H01	28134.000000	42633.000000
1772099010_G01	27899.000000	38183.000000
1772099314_F03	27305.000000	42837.000000
1772096121_A02	28502.000000	37710.000000
1772099026_G04	28062.000000	41006.000000
1772094155_B07	27675.000000	43202.000000
1772089190_A01	28770.000000	37107.000000
1772099033_E10	29330.000000	38804.000000
1772099055_B04	26786.000000	36860.000000
1772099047_B06	26599.000000	36189.000000
1772099036_A01	28776.000000	37946.000000
1772096106_E07	29562.000000	38789.000000
1862091033_D06	27753.000000	43104.000000
1772096141_A01	27976.000000	36767.000000
1772099073_B11	27054.000000	38193.000000
1772078017_H02	26978.000000	35850.000000
1772096139_A07	27626.000000	39815.000000
1772099078_C05	28760.000000	40138.000000
1772099143_A09	99.000000	65419.000000
1862091054_E01	29636.000000	38383.000000
1772099044_E11	26880.000000	40262.000000
1772067070_A05	30222.000000	37901.000000
1772066090_G12	36829.000000	38278.000000
1772089186_E10	28025.000000	37847.000000
1772094108_A02	29987.000000	37410.000000
1772099146_E06	27330.000000	38169.000000
1772096100_H10	30100.000000	52120.000000
1772063063_F08	27036.000000	40303.000000
1772094139_F09	29318.000000	36222.000000
1772096122_G07	37641.000000	40500.000000
1772099091_E05	29598.000000	18932.000000
1772096172_G11	29135.000000	36930.000000
1772096165_C04	29984.000000	36200.000000
1772096100_E03	36966.000000	40842.000000
1772066095_B05	29170.000000	38191.000000
1772096106_C03	27593.000000	43426.000000
1772096110_H06	29432.000000	37480.000000
1772096140_G04	29291.000000	37382.000000
1772096133_A03	29108.000000	36471.000000
1772099313_H06	29684.000000	36760.000000
1862091031_G10	27963.000000	42879.000000
1772096096_F04	29164.000000	39369.000000
1772096084_A05	29338.000000	38669.000000
1772072243_A03	29410.000000	37576.000000
1772096132_B09	28023.000000	35998.000000
1772078029_B11	37786.000000	41030.000000
1772058147_F02	27791.000000	43982.000000
1772099080_E06	36916.000000	42728.000000
1772096141_B10	28570.000000	36364.000000
1772096175_B11	35395.000000	39937.000000
1772099041_A12	49618.000000	39493.000000
1772096132_H03	36207.000000	41479.000000
1772099070_F08	36492.000000	42870.000000
1772094143_B12	30287.000000	36691.000000
1772096135_G12	29578.000000	36878.000000
1772096122_D08	31607.000000	32469.000000
1772072242_C01	29953.000000	39682.000000
1772089186_A08	30242.000000	36429.000000
1772060224_B04	29714.000000	36770.000000
1772063078_E01	36958.000000	33946.000000
1772078028_H03	34279.000000	39260.000000
1862091037_A03	32735.000000	31112.000000
1862091023_A08	36945.000000	40587.000000
1772096165_A03	29569.000000	39276.000000
1772096103_C12	30527.000000	30057.000000
1772063062_E07	143.000000	65365.000000
1772096134_G05	37280.000000	43945.000000
1772099080_E04	31104.000000	34655.000000
1772099143_C01	29246.000000	35741.000000
1772099014_E10	32807.000000	32173.000000
1772092309_H06	33021.000000	31267.000000
1772060225_A11	38422.000000	21154.000000
1772089200_E07	31647.000000	31666.000000
1772096139_E01	32358.000000	35186.000000
1772084014_C11	110.000000	65406.000000
1772099081_G04	37636.000000	42164.000000
1772096138_A06	31509.000000	34206.000000
1772099034_H01	38918.000000	40625.000000
1772096134_A09	38666.000000	46232.000000
1772099046_E09	31434.000000	33928.000000
1772096097_B05	36007.000000	40879.000000
1772096156_G03	30481.000000	30752.000000
1772099036_B01	53.000000	65475.000000
1772099035_A05	30119.000000	37146.000000
1862091112_H01	32395.000000	36369.000000
1771017037_F08	30446.000000	34277.000000
1772099014_F01	30905.000000	33457.000000
1772096162_E02	32029.000000	33245.000000
1772099214_C11	32902.000000	31125.000000
1772096094_E01	29844.000000	37069.000000
1772084018_E10	29035.000000	39275.000000
1772096097_D05	36328.000000	40560.000000
1862091045_F04	36530.000000	42287.000000
1772099039_F03	46266.000000	23827.000000
1772096093_B01	36689.000000	42960.000000
1772096087_C12	28945.000000	39580.000000
1772089200_E10	28420.000000	39495.000000
1772084014_C09	27665.000000	39036.000000
1772096100_A09	36535.000000	41174.000000
1772092315_E02	36118.000000	37657.000000
1772062115_A09	26944.000000	39585.000000
1772092309_B10	28917.000000	39933.000000
1772099040_F06	29176.000000	37753.000000
1772096099_B10	27627.000000	40609.000000
1772099073_A05	28848.000000	36847.000000
1772096173_E08	29331.000000	38671.000000
1772099033_A06	36545.000000	43009.000000
1772096086_E12	29088.000000	39495.000000
1772096122_B11	37109.000000	38930.000000
1772099078_A07	27637.000000	38879.000000
1772084018_G10	29277.000000	39149.000000
1772067092_F12	29500.000000	38273.000000
1772099070_B11	36261.000000	42976.000000
1772094132_F03	27600.000000	39228.000000
1862091032_B03	27070.000000	46233.000000
1772099035_H10	36308.000000	42980.000000
1772099045_C09	27573.000000	42123.000000
1772066098_C04	27436.000000	39083.000000
1772099080_E02	27094.000000	43933.000000
1772099031_C12	27842.000000	39815.000000
1772099045_B05	27390.000000	38925.000000
1772099031_G10	26347.000000	43465.000000
1862091031_A06	27352.000000	42673.000000
1772099033_B11	27755.000000	42149.000000
1772099045_G01	27489.000000	43237.000000
1772099078_A05	27182.000000	43913.000000
1772099033_E04	26507.000000	43001.000000
1772099075_C05	27349.000000	56488.000000
1772092289_A06	25909.000000	47378.000000
1772099075_F06	26799.000000	43665.000000
1772099087_D07	26740.000000	39013.000000
1772092003_E09	27728.000000	38973.000000
1772099081_B04	35236.000000	42325.000000
1772099084_C06	25015.000000	45706.000000
1772099085_B04	26931.000000	43829.000000
1862091115_D06	29188.000000	37936.000000
1772099086_D09	26494.000000	43519.000000
1772099037_E02	28249.000000	37636.000000
1772117124_A05	36029.000000	43024.000000
1772099086_H07	27180.000000	38615.000000
1772092003_D09	26638.000000	43278.000000
1772096126_E02	27853.000000	40213.000000
1772099037_G04	27334.000000	43344.000000
1772099075_F11	36438.000000	42643.000000
1772099031_F04	27024.000000	43034.000000
1772099091_F01	36500.000000	41601.000000
1772084017_A05	36504.000000	41122.000000
1772099083_A06	35937.000000	43443.000000
1772094153_B09	35517.000000	37990.000000
1772099043_C04	26784.000000	43078.000000
1771051147_D10	27199.000000	43800.000000
1772072243_B12	25485.000000	44326.000000
1772078033_D01	36942.000000	38340.000000
1772096088_A07	25058.000000	46116.000000
1772092313_E09	26852.000000	42451.000000
1772092008_E02	24867.000000	47234.000000
1771051147_D02	25533.000000	44698.000000
1772096139_B01	35747.000000	40413.000000
1772067057_G07	25014.000000	46718.000000
1772125080_F02	24881.000000	46925.000000
1772117099_G02	24978.000000	46921.000000
1772071019_B09	25139.000000	45942.000000
1772099301_H07	36000.000000	43337.000000
1772117039_C11	26804.000000	43626.000000
1772096084_G02	26772.000000	43494.000000
1772096085_C09	27055.000000	41807.000000
1772092003_D06	25501.000000	44892.000000
1772125088_F03	22560.000000	56649.000000
1772075304_D07	26751.000000	38196.000000
1772096158_E08	28538.000000	41138.000000
1772096122_E06	37309.000000	38785.000000
1772099052_H10	36361.000000	43594.000000
1772078018_D10	26709.000000	42346.000000
1772078016_E11	36702.000000	43411.000000
1772099305_H01	27093.000000	42981.000000
1772078017_A06	24825.000000	46746.000000
1772096097_F04	27264.000000	42524.000000
1772092312_A02	38009.000000	33387.000000
1772078013_H07	26301.000000	38984.000000
1772089196_E01	27052.000000	45424.000000
1772089188_E11	27127.000000	45902.000000
1772078013_A08	26533.000000	46209.000000
1772099078_H04	27049.000000	44012.000000
1772067070_D08	28638.000000	40307.000000
1772099031_H06	28007.000000	42294.000000
1772089199_A12	27733.000000	40488.000000
1772096145_C11	26899.000000	45213.000000
1772078029_F11	36921.000000	43913.000000
1772099037_C07	27367.000000	40088.000000
1772071053_F01	26861.000000	42682.000000
1772078022_B11	26879.000000	42119.000000
1772089187_F06	26253.000000	47190.000000
1772099086_G12	27099.000000	45850.000000
1772078018_D07	27357.000000	46028.000000
1772099075_B09	36192.000000	43481.000000
1772096126_B01	27093.000000	44284.000000
1772099040_B03	27530.000000	44250.000000
1772099076_A05	36373.000000	43748.000000
1772066098_D06	26968.000000	44026.000000
1862091041_C01	36255.000000	43248.000000
1772096162_D11	27527.000000	44321.000000
1772099143_A11	26110.000000	46219.000000
1772096120_D04	46450.000000	31650.000000
1772099146_A01	25786.000000	47279.000000
1772099044_C12	27243.000000	45242.000000
1772092004_B08	27073.000000	45861.000000
1772099044_C04	27648.000000	40820.000000
1772084014_B01	27555.000000	43770.000000
1772096126_A09	26483.000000	37157.000000
1772096085_H05	27765.000000	42574.000000
1772099033_D08	28498.000000	40913.000000
1772099035_E11	28709.000000	40357.000000
1862091041_E04	36264.000000	42630.000000
1772096097_H10	29369.000000	37532.000000
1772078030_C01	37118.000000	43235.000000
1772089195_C10	30382.000000	35050.000000
1772096172_C04	29671.000000	36165.000000
1772078030_C02	26535.000000	34467.000000
1772075304_D02	26642.000000	34374.000000
1772096132_G09	29121.000000	34981.000000
1772096102_A01	27202.000000	34577.000000
1771017036_B11	27094.000000	33816.000000
1772096103_C11	31024.000000	33776.000000
1772096100_B05	27491.000000	32935.000000
1772089195_D03	27287.000000	35029.000000
1772084021_B03	37291.000000	43741.000000
1772092012_B07	26451.000000	35990.000000
1772089194_B08	28562.000000	34769.000000
1772089202_A01	27016.000000	36553.000000
1772096100_B08	27334.000000	34195.000000
1772078014_F12	29858.000000	35228.000000
1772075304_C05	28975.000000	36746.000000
1772078031_A12	37884.000000	45003.000000
1772072243_B02	26598.000000	35204.000000
1772096135_H06	30369.000000	33693.000000
1772099305_B02	26616.000000	38509.000000
1772117161_G01	36532.000000	42639.000000
1772099038_F08	28252.000000	37474.000000
1772099031_F03	31311.000000	36236.000000
1772078029_B04	32312.000000	36649.000000
1772089190_F12	29111.000000	37482.000000
1772096173_B06	30419.000000	35419.000000
1772096131_A02	49505.000000	39255.000000
1772078028_E05	28297.000000	37826.000000
1772096138_A08	28098.000000	34409.000000
1772096172_E10	29439.000000	37718.000000
1772099044_A07	28463.000000	37802.000000
1772096132_A07	29630.000000	36803.000000
1772099043_F02	28617.000000	37690.000000
1772099085_D03	28320.000000	35004.000000
1772099303_G01	29225.000000	33942.000000
1772094142_B05	30170.000000	37956.000000
1772096165_A04	37150.000000	44062.000000
1772092296_F10	30291.000000	37051.000000
1772096171_A08	28560.000000	37255.000000
1772099078_C02	27365.000000	35967.000000
1772075317_B12	30041.000000	36212.000000
1772062109_A05	29668.000000	18944.000000
1772099078_C06	27600.000000	34807.000000
1772099143_E04	39.000000	65494.000000
1862091118_F09	31522.000000	36683.000000
1862091113_D09	32937.000000	37484.000000
1772094135_H05	27867.000000	33193.000000
1772084021_G04	36713.000000	43138.000000
1772089202_E04	37172.000000	43745.000000
1772060240_A10	30890.000000	33576.000000
1772096084_B02	28615.000000	35104.000000
1772099047_A07	27330.000000	34264.000000
1772099087_B02	27058.000000	34789.000000
1772099083_D02	29284.000000	34707.000000
1772096116_F09	29861.000000	34093.000000
1772092308_G03	28465.000000	36762.000000
1772099083_C07	27586.000000	37732.000000
1772099091_D10	24978.000000	46653.000000
1772099036_A02	28345.000000	35742.000000
1772096085_D07	27573.000000	33148.000000
1772099076_A12	26986.000000	37535.000000
1772096086_B11	26727.000000	36555.000000
1772099078_A08	27943.000000	36390.000000
1772094135_H11	28453.000000	34167.000000
1772099034_A11	30399.000000	33441.000000
1772096136_C05	27160.000000	32487.000000
1772096117_B07	26761.000000	35320.000000
1772099035_F08	36669.000000	42721.000000
1772096110_E12	29717.000000	34448.000000
1772096106_G06	27745.000000	33459.000000
1772099084_F08	45.000000	65491.000000
1772096154_G03	29659.000000	36953.000000
1772096106_A02	26827.000000	36191.000000
1772096141_B01	29908.000000	36706.000000
1772089205_E10	29719.000000	37185.000000
1772099034_E12	27631.000000	38593.000000
1772099070_C06	27617.000000	37028.000000
1772096099_E04	36741.000000	43154.000000
1772096106_F02	26505.000000	36191.000000
1772092303_D08	36698.000000	38844.000000
1772062128_G07	31695.000000	33861.000000
1772078022_G04	26304.000000	36856.000000
1772099078_G07	46342.000000	31339.000000
1772089186_F02	26508.000000	35411.000000
1771051147_H10	26611.000000	35435.000000
1772078024_G04	36557.000000	38227.000000
1772099033_F11	36719.000000	43195.000000
1772096085_G06	26600.000000	37504.000000
1772099036_F02	27036.000000	37192.000000
1772096136_H06	37025.000000	42944.000000
1772096091_E07	27842.000000	40094.000000
1772099091_F02	27416.000000	35953.000000
1772062111_H05	46394.000000	31369.000000
1772099014_D03	32603.000000	37503.000000
1772078024_G09	31901.000000	31533.000000
1772096094_F10	29557.000000	36441.000000
1772099036_C01	28616.000000	37597.000000
1772099072_F01	29795.000000	37872.000000
1772092308_A11	28629.000000	37147.000000
1772099083_G07	36770.000000	42120.000000
1772096084_A01	28371.000000	36051.000000
1772099083_E05	29027.000000	35775.000000
1772062115_C01	28536.000000	36141.000000
1772094135_F03	30467.000000	36617.000000
1772096084_C12	30613.000000	34573.000000
1772094133_B04	27500.000000	37124.000000
1862091045_A04	36939.000000	41542.000000
1772066070_G12	37487.000000	39349.000000
1862091105_G07	36899.000000	39443.000000
1772099075_A10	27926.000000	35879.000000
1772096101_D01	36913.000000	42398.000000
1772089200_C03	29207.000000	35631.000000
1772089201_H12	27657.000000	37241.000000
1772096084_E08	29119.000000	36914.000000
1772099084_A08	26699.000000	38424.000000
1772096152_B03	30740.000000	34078.000000
1772067063_D03	27431.000000	34234.000000
1772094143_H01	29884.000000	35943.000000
1772092003_G01	27681.000000	36131.000000
1772092318_F06	29787.000000	35263.000000
1772094135_G07	31376.000000	36582.000000
1772071019_A08	26733.000000	35423.000000
1772099008_C12	28097.000000	35085.000000
1772099084_D09	28612.000000	34443.000000
1772099037_D05	29827.000000	37406.000000
1772099048_G03	31050.000000	34611.000000
1772096091_A09	37323.000000	43941.000000
1772096087_G01	28935.000000	34157.000000
1772071055_G12	27487.000000	33202.000000
1772096087_G03	36891.000000	39950.000000
1772071053_G09	26859.000000	35183.000000
1772094135_E02	27293.000000	32659.000000
1772099076_D07	29004.000000	33731.000000
1772099085_G03	29513.000000	33440.000000
1772089200_D08	26744.000000	27911.000000
1772096085_E12	29695.000000	33820.000000
1772094139_H01	37852.000000	37813.000000
1772099028_H03	35982.000000	39764.000000
1772096085_G03	29866.000000	35321.000000
1772099076_F01	28624.000000	35077.000000
1772094147_E02	31377.000000	33854.000000
1772099003_E05	29506.000000	34365.000000
1772099002_E06	27893.000000	31762.000000
1862091022_D01	37122.000000	40092.000000
1772099054_H04	28350.000000	33637.000000
1772096100_C05	37819.000000	42774.000000
1772096084_A12	26692.000000	28604.000000
1772096118_B08	30665.000000	33715.000000
1772096083_E11	26821.000000	28187.000000
1772094124_E11	31615.000000	32172.000000
1772099046_A06	27483.000000	31760.000000
1772062114_G10	26526.000000	29047.000000
1772096116_A03	30851.000000	33406.000000
1772099081_F08	32432.000000	32430.000000
1772096086_A04	27395.000000	31061.000000
1772089205_E06	27614.000000	31629.000000
1862091049_E12	28242.000000	57540.000000
1772096086_H07	26786.000000	28894.000000
1772063061_G05	29381.000000	34292.000000
1772092262_G08	28414.000000	32058.000000
1772096085_F09	28052.000000	33689.000000
1772096087_D07	36670.000000	39262.000000
1772096116_C03	29214.000000	31099.000000
1772096116_G09	29300.000000	30091.000000
1772117038_B12	27587.000000	31836.000000
1772062111_F07	36530.000000	38258.000000
1772096083_E01	28780.000000	35269.000000
1772099078_A02	29218.000000	32039.000000
1772096165_B09	36938.000000	41277.000000
1772094125_F09	37884.000000	37665.000000
1772099084_A01	38615.000000	43868.000000
1772062115_F08	30350.000000	33128.000000
1772094155_C08	37904.000000	37464.000000
1772096154_F01	31638.000000	32174.000000
1772099044_G09	28062.000000	57506.000000
1772063063_C07	35707.000000	37667.000000
1772096087_D08	30934.000000	34873.000000
1772096151_B06	29867.000000	34775.000000
1772066080_D07	34940.000000	36721.000000
1772066108_A08	31225.000000	37187.000000
1862091113_B02	37295.000000	38960.000000
1862091028_H03	37223.000000	42018.000000
1772096171_F09	32781.000000	31525.000000
1772096148_F10	27397.000000	38209.000000
1862091118_D10	31759.000000	35829.000000
1772099071_A10	37137.000000	42285.000000
1772099070_E12	36774.000000	42377.000000
1772096139_E02	31421.000000	34014.000000
1772096138_F12	31896.000000	36006.000000
1772063078_A11	31376.000000	33661.000000
1772099048_H03	37285.000000	39664.000000
1772094110_F09	30494.000000	36677.000000
1772096091_F12	31349.000000	31579.000000
1772089202_E07	28191.000000	35692.000000
1772096144_C08	35895.000000	40174.000000
1772099073_D01	31461.000000	32861.000000
1862091028_E08	30846.000000	34873.000000
1772062115_G09	49301.000000	38771.000000
1772096128_G05	29647.000000	33617.000000
1772089202_C10	32152.000000	32687.000000
1772094142_A09	37755.000000	37816.000000
1772092009_F03	30809.000000	33077.000000
1772096126_B12	38304.000000	45413.000000
1772096117_C04	30441.000000	31688.000000
1772096103_E03	32667.000000	35424.000000
1772096086_B01	31213.000000	31160.000000
1772099073_A11	28675.000000	34549.000000
1772096134_D07	46495.000000	24122.000000
1772084017_F07	35748.000000	39599.000000
1772099015_B05	31546.000000	33357.000000
1772075317_E03	37043.000000	42172.000000
1772096172_B03	31641.000000	33134.000000
1772096141_A03	32672.000000	31104.000000
1772096165_G09	35950.000000	39867.000000
1772096132_D06	36983.000000	42267.000000
1772078029_B08	29479.000000	32748.000000
1772096141_A11	29966.000000	36294.000000
1772096168_B05	27800.000000	33576.000000
1772096141_C03	31128.000000	31842.000000
1772096138_B05	31157.000000	34971.000000
1772089195_B02	27827.000000	31868.000000
1772096103_A07	30496.000000	32482.000000
1772078028_C04	29169.000000	30402.000000
1772099042_E10	30781.000000	34605.000000
1772072242_F09	30768.000000	32108.000000
1772096103_G08	38892.000000	40199.000000
1772099043_G03	30696.000000	33683.000000
1772072243_D01	37919.000000	43557.000000
1772096172_A08	29497.000000	37110.000000
1772096133_A02	28203.000000	33589.000000
1772096141_F09	30281.000000	36490.000000
1772072243_B01	37188.000000	43543.000000
1772096173_H08	45280.000000	31054.000000
1772099303_F01	29519.000000	33515.000000
1772099076_F02	30214.000000	34646.000000
1772096134_E06	46322.000000	24097.000000
1772072240_D04	42315.000000	43908.000000
1772099033_E11	30732.000000	31998.000000
1772072240_E03	30886.000000	32882.000000
1772096136_D11	27274.000000	33711.000000
1772072240_H09	35256.000000	37832.000000
1772099090_H10	28546.000000	32432.000000
1772096135_D07	46273.000000	24224.000000
1772096126_G02	38272.000000	40320.000000
1772096134_E11	30623.000000	34353.000000
1772096141_F07	36453.000000	39692.000000
1772096141_E06	27594.000000	34092.000000
1772096140_C10	31097.000000	35249.000000
1772096141_D07	36875.000000	40116.000000
1772096096_C10	36966.000000	41287.000000
1772096165_E04	27336.000000	36083.000000
1772096102_G01	38040.000000	43550.000000
1772096138_G06	32680.000000	33102.000000
1772084017_A01	30974.000000	34598.000000
1772075317_B02	32510.000000	32235.000000
1772075304_B08	27686.000000	32943.000000
1772096141_B07	30421.000000	34974.000000
1772096140_A01	36776.000000	41953.000000
1772096141_C09	30100.000000	35422.000000
1772096141_F08	31305.000000	35371.000000
1772096141_E01	35996.000000	39985.000000
1772096141_E02	30727.000000	34891.000000
1772096141_G03	29982.000000	34239.000000
1772096138_F05	37719.000000	42750.000000
1772096097_F03	31301.000000	34387.000000
1772075317_A06	37655.000000	44536.000000
1772096100_D08	31743.000000	32729.000000
1772096133_A12	30256.000000	52141.000000
1772096086_C03	30946.000000	33528.000000
1772078030_E01	36878.000000	41229.000000
1772125078_E02	49372.000000	39528.000000
1772096134_H10	29004.000000	35457.000000
1772078019_C12	37652.000000	44716.000000
1772096173_D08	30300.000000	33847.000000
1772096141_E03	29960.000000	36570.000000
1772078014_C09	37779.000000	45049.000000
1772096103_C03	29142.000000	33951.000000
1772096132_C01	46185.000000	23861.000000
1772096103_F12	29242.000000	37862.000000
1772096165_A09	36969.000000	41735.000000
1772096134_D10	36889.000000	41826.000000
1772096100_C09	26826.000000	29445.000000
1772084017_H04	27923.000000	35199.000000
1772096100_C06	36877.000000	40320.000000
1772096100_C12	28529.000000	34021.000000
1772096133_F12	29355.000000	36080.000000
1772096141_C02	30699.000000	35383.000000
1772084017_C10	26410.000000	40650.000000
1772096162_D08	28507.000000	36891.000000
1772099037_C10	30752.000000	33461.000000
1772099084_G01	33199.000000	30357.000000
1772096132_F04	31347.000000	29544.000000
1772096100_B09	29644.000000	28785.000000
1772117038_D01	26019.000000	23970.000000
1772117038_G08	24361.000000	21442.000000
1772089195_C02	31031.000000	25614.000000
1772117038_C07	26575.000000	27163.000000
1772117038_D03	24483.000000	21254.000000
1772117039_H02	23901.000000	20321.000000
1772089190_B04	28438.000000	30773.000000
1772078017_G04	25561.000000	23242.000000
1772096087_H11	26655.000000	28314.000000
1772078022_C06	28141.000000	24211.000000
1772096100_E06	27048.000000	25452.000000
1772099001_H05	27575.000000	24449.000000
1772099046_A02	28110.000000	23309.000000
1772092002_G06	40668.000000	45799.000000
1772096087_C06	25457.000000	24024.000000
1771051147_C01	31561.000000	24902.000000
1772078017_F01	39051.000000	45525.000000
1772075304_G01	28441.000000	27577.000000
1772075304_C09	27459.000000	24711.000000
1771051147_F12	27885.000000	24132.000000
1772099034_G03	32106.000000	29460.000000
1772117031_D09	27397.000000	22609.000000
1772117151_H01	44182.000000	43837.000000
1772099012_D02	25919.000000	23260.000000
1772099047_D08	32944.000000	24125.000000
1772096156_D06	25668.000000	22122.000000
1771051147_B07	25630.000000	22688.000000
1772075305_F07	36014.000000	29819.000000
1772125078_H02	25616.000000	22271.000000
1771051147_A10	28396.000000	22400.000000
1772117038_C11	28179.000000	24559.000000
1771017151_F05	29878.000000	22247.000000
1772125078_F02	24530.000000	22508.000000
1772075305_F11	24652.000000	22420.000000
1771051147_F06	26478.000000	20896.000000
1772117038_B01	26995.000000	21355.000000
1772099036_G05	26384.000000	27975.000000
1772117038_H01	24977.000000	21765.000000
1772125078_H03	25072.000000	21875.000000
1772078017_G06	24303.000000	21034.000000
1772125090_A09	24720.000000	21877.000000
1772096110_G02	27352.000000	25282.000000
1772117038_B09	24093.000000	19717.000000
1772117039_C07	25148.000000	21725.000000
1772117039_G08	25139.000000	21701.000000
1772125078_E08	25929.000000	24441.000000
1772117039_H01	24642.000000	21118.000000
1772089190_H06	29997.000000	23208.000000
1772117031_A09	26809.000000	20934.000000
1772096110_H02	26937.000000	24026.000000
1772099313_H08	34824.000000	21791.000000
1772117151_E09	27431.000000	16392.000000
1772067059_C11	39389.000000	35695.000000
1772125080_A10	24357.000000	20487.000000
1771017152_B09	35496.000000	18398.000000
1772125078_C07	28316.000000	19075.000000
1772117107_G03	27422.000000	19587.000000
1772125078_A03	23933.000000	19038.000000
1772096168_C12	27343.000000	24296.000000
1772078017_E02	26467.000000	23653.000000
1771051147_H03	22198.000000	57503.000000
1772089194_A08	32878.000000	24071.000000
1772117102_H11	24590.000000	19175.000000
1772096139_C11	26188.000000	25123.000000
1772089194_B03	29112.000000	23472.000000
1772099315_D02	27874.000000	16408.000000
1771051147_E11	33611.000000	14363.000000
1772117028_H07	27477.000000	20019.000000
1772117031_E07	28208.000000	19244.000000
1772092264_E09	23824.000000	19360.000000
1772117104_A03	27180.000000	17901.000000
1772096139_D11	27700.000000	25357.000000
1772066108_H11	39307.000000	36047.000000
1772099313_F09	40062.000000	40862.000000
1772062116_A12	26068.000000	25180.000000
1772117101_D04	26477.000000	20107.000000
1772096083_G11	23000.000000	20395.000000
1772117124_H04	44982.000000	46055.000000
1772117108_H08	25879.000000	19724.000000
1772125080_A02	23911.000000	19540.000000
1772099316_F07	27491.000000	18249.000000
1772099155_B08	29167.000000	18924.000000
1772099155_B07	31004.000000	21795.000000
1772117101_A11	25039.000000	21609.000000
1772094136_E05	29880.000000	21411.000000
1772117161_G03	31750.000000	21554.000000
1772117104_H04	25783.000000	20001.000000
1772099302_A03	40794.000000	45103.000000
1772096083_H07	26119.000000	27251.000000
1772117104_G04	43713.000000	44495.000000
1772099010_G04	40453.000000	45104.000000
1772117055_G03	43883.000000	44556.000000
1771051147_B04	32218.000000	24105.000000
1772117124_C07	44647.000000	46185.000000
1772094135_B11	24216.000000	21866.000000
1772072243_B06	26904.000000	23725.000000
1772084017_G02	38884.000000	45678.000000
1772078016_C06	41253.000000	45051.000000
1772078033_F04	38783.000000	34799.000000
1772089205_G04	27523.000000	25673.000000
1772067092_H04	30633.000000	23509.000000
1772117158_H02	26238.000000	23330.000000
1772084021_E04	34213.000000	28239.000000
1772099314_D12	27381.000000	21727.000000
1772099093_F09	28963.000000	23320.000000
1772096088_F09	26957.000000	24974.000000
1772092013_H02	27123.000000	24582.000000
1772078033_D04	27406.000000	25271.000000
1772096154_B09	27887.000000	25339.000000
1772096084_E11	26327.000000	24835.000000
1772078030_C11	24592.000000	22436.000000
1772092013_A09	28212.000000	25237.000000
1771051147_B10	21091.000000	57444.000000
1772096083_E09	30687.000000	24658.000000
1772092266_F06	38706.000000	37111.000000
1772078024_D11	27133.000000	24780.000000
1772096117_D04	30644.000000	22087.000000
1772084017_B02	32712.000000	26458.000000
1772096110_F06	25918.000000	22630.000000
1772092262_A04	30616.000000	23922.000000
1772096085_B04	29362.000000	27534.000000
1772096091_B09	26736.000000	25225.000000
1772096083_A04	27237.000000	24537.000000
1772096087_C04	23808.000000	22317.000000
1772094135_C03	30108.000000	26485.000000
1772092013_F04	26862.000000	25663.000000
1772067074_E07	26002.000000	24867.000000
1772117103_H07	44029.000000	44951.000000
1772096091_B02	27973.000000	30168.000000
1772078033_E04	27413.000000	25043.000000
1772078033_H06	26342.000000	27239.000000
1772094135_E10	28763.000000	29919.000000
1862091113_E12	35259.000000	34100.000000
1772096139_A04	35924.000000	37008.000000
1772096140_C11	33413.000000	29595.000000
1772096092_E02	26365.000000	27647.000000
1772099093_A02	30106.000000	24138.000000
1772071055_A03	29057.000000	19521.000000
1772084017_F04	27927.000000	32547.000000
1772096139_E06	37938.000000	42663.000000
1772078031_C06	27744.000000	28117.000000
1772099078_F09	30207.000000	25958.000000
1772071044_G06	37254.000000	34966.000000
1772099093_A07	31812.000000	25165.000000
1772078030_A02	27967.000000	26391.000000
1772117038_E02	21071.000000	57299.000000
1772099314_B10	48712.000000	40264.000000
1772099315_D01	26646.000000	55797.000000
1772099008_C06	31219.000000	28604.000000
1772096085_H04	26314.000000	25168.000000
1772094135_G06	23404.000000	21589.000000
1772099003_A08	29836.000000	32166.000000
1772078030_G11	30223.000000	29181.000000
1772099314_A11	48951.000000	39827.000000
1772096140_H06	31289.000000	30506.000000
1772099305_D09	31044.000000	24868.000000
1772078031_C08	37802.000000	41108.000000
1772078030_D11	28039.000000	25912.000000
1772072243_G03	25959.000000	27508.000000
1772096084_C01	33722.000000	27363.000000
1772099076_D06	26392.000000	25285.000000
1772084018_C04	26975.000000	24945.000000
1772096084_H06	30993.000000	25694.000000
1772117055_F05	27431.000000	22018.000000
1772096085_B06	27284.000000	25326.000000
1772089202_G03	32835.000000	28398.000000
1772099073_C03	31669.000000	28740.000000
1862091112_D11	37406.000000	38760.000000
1772096140_D04	36758.000000	35012.000000
1772096083_F05	33476.000000	27419.000000
1862091110_F08	38725.000000	38205.000000
1772096087_B09	26390.000000	26568.000000
1772096136_A11	33177.000000	26615.000000
1772099313_B09	43946.000000	44156.000000
1772117097_B02	43947.000000	45551.000000
1772099090_C03	31487.000000	29835.000000
1772099003_D04	29200.000000	31034.000000
1772099030_H01	37530.000000	22222.000000
1772117159_C09	26081.000000	20603.000000
1772099002_G04	31513.000000	25365.000000
1772099154_E03	33807.000000	24936.000000
1772096084_E12	26289.000000	24440.000000
1772096085_G02	28503.000000	29562.000000
1772117101_F11	26296.000000	20934.000000
1772096106_C08	30419.000000	24762.000000
1772092012_G03	30186.000000	26022.000000
1772072243_H03	26561.000000	20745.000000
1772099090_B09	30562.000000	24804.000000
1772099092_G08	28637.000000	19879.000000
1772099305_H06	49403.000000	39262.000000
1772099009_A10	33799.000000	26601.000000
1772092287_B06	37156.000000	33797.000000
1772089202_B05	28319.000000	26487.000000
1772099031_G05	44495.000000	30715.000000
1772099154_G01	32207.000000	29430.000000
1772066099_H01	39364.000000	36979.000000
1772094135_E01	33801.000000	27543.000000
1772096140_D02	37473.000000	41741.000000
1772099015_G05	37963.000000	21435.000000
1772096087_A01	26721.000000	26083.000000
1772096084_F12	34131.000000	24790.000000
1772099048_C02	37240.000000	39351.000000
1772096083_F12	33343.000000	27541.000000
1772096138_B03	39438.000000	40751.000000
1772096138_B04	33649.000000	27970.000000
1772084014_B09	31343.000000	29211.000000
1772084021_G09	33584.000000	32371.000000
1772062111_F10	46482.000000	31382.000000
1772099043_F03	34056.000000	25639.000000
1772096136_F04	30579.000000	25036.000000
1772096085_F01	30944.000000	31534.000000
1772096106_E08	30202.000000	28106.000000
1772092003_A12	34062.000000	22953.000000
1772096172_A09	31765.000000	31934.000000
1772062113_D08	29289.000000	27677.000000
1772096091_D01	35392.000000	25129.000000
1772096126_C04	38471.000000	40636.000000
1772084021_F04	33591.000000	27120.000000
1772096088_H01	33961.000000	26755.000000
1772096086_D01	39427.000000	39943.000000
1772084021_H05	37507.000000	43124.000000
1772084014_F08	38469.000000	44418.000000
1772072240_A03	28370.000000	26025.000000
1772062115_C03	35407.000000	32400.000000
1772096100_F04	27252.000000	25000.000000
1772094111_H02	37759.000000	36738.000000
1772096083_G08	30748.000000	31243.000000
1772092262_G02	34030.000000	28606.000000
1772096084_A08	35218.000000	34315.000000
1772067073_B03	27712.000000	24738.000000
1862091042_H06	31987.000000	29936.000000
1772094108_D11	38411.000000	36433.000000
1772096086_F08	35732.000000	33490.000000
1772062114_B01	37360.000000	34484.000000
1772094135_G05	27053.000000	23661.000000
1772062109_E08	34699.000000	34071.000000
1772096138_A02	31423.000000	28979.000000
1772062114_B10	32458.000000	24972.000000
1772096139_D03	33275.000000	30728.000000
1772096087_E08	35249.000000	32896.000000
1772096139_B11	38946.000000	46255.000000
1772063063_C02	36227.000000	33556.000000
1772089200_G08	33740.000000	23402.000000
1772092264_A04	37711.000000	38124.000000
1772092262_D09	30757.000000	25443.000000
1862091116_H04	33931.000000	26913.000000
1772096086_B08	31212.000000	25945.000000
1772094135_A08	24846.000000	23985.000000
1772092262_H03	34674.000000	23959.000000
1772089200_H06	30729.000000	24208.000000
1772092003_E04	45789.000000	31235.000000
1772092315_A01	30770.000000	24267.000000
1772092303_H01	33048.000000	24651.000000
1772092312_D02	36084.000000	32920.000000
1772092262_B08	36963.000000	33615.000000
1772099093_A08	32379.000000	24303.000000
1772078024_H02	36419.000000	33401.000000
1772067076_H05	35695.000000	32603.000000
1772067069_B03	36915.000000	33815.000000
1772099003_A01	30371.000000	24895.000000
1772099092_B07	29468.000000	18556.000000
1772092312_E08	31381.000000	31972.000000
1772089200_A05	28378.000000	23926.000000
1772099046_F09	30531.000000	27716.000000
1772063063_B04	37351.000000	34634.000000
1772075304_B12	30638.000000	27828.000000
1772092304_A07	38650.000000	34326.000000
1772099070_E07	31204.000000	30432.000000
1772099047_C11	28325.000000	24435.000000
1772099045_A05	30905.000000	24813.000000
1772099087_B11	30554.000000	25541.000000
1772062128_B11	32335.000000	25562.000000
1772096084_G05	29422.000000	28010.000000
1772117101_F07	30290.000000	30582.000000
1772099038_A03	32595.000000	31393.000000
1772062113_B09	37504.000000	36176.000000
1772096116_G01	29304.000000	28785.000000
1772117099_C04	27979.000000	32744.000000
1772096132_C09	32244.000000	27838.000000
1772099072_A11	39483.000000	42079.000000
1772096088_B06	28545.000000	27493.000000
1772099045_B10	33589.000000	25279.000000
1772096134_B06	46433.000000	24052.000000
1772099039_H02	26407.000000	40827.000000
1772066089_E05	37936.000000	36235.000000
1772092260_C05	39133.000000	37640.000000
1772099045_D08	27861.000000	25694.000000
1772099045_B08	31409.000000	29360.000000
1772078052_C08	31927.000000	26385.000000
1772089186_B05	35207.000000	23667.000000
1772096110_F01	29531.000000	27077.000000
1772099010_E09	30499.000000	28549.000000
1772099009_G10	31082.000000	31142.000000
1772062118_E08	39.000000	65493.000000
1772092296_C10	35018.000000	26036.000000
1772099030_H09	37620.000000	43627.000000
1772078014_C11	38720.000000	46619.000000
1772067060_E10	38846.000000	35025.000000
1772075304_C03	39348.000000	45170.000000
1772096116_B06	26559.000000	28146.000000
1772089200_H10	26901.000000	26144.000000
1772096156_D05	39090.000000	44463.000000
1772096156_C04	23392.000000	21476.000000
1772075305_D07	28089.000000	31824.000000
1772096102_F01	49199.000000	38757.000000
1772096087_F10	28848.000000	22395.000000
1772096091_H04	29658.000000	29630.000000
1772089195_B12	31118.000000	26676.000000
1772099043_E06	21803.000000	13802.000000
1772096172_D06	33440.000000	26998.000000
1772096135_C11	27107.000000	26974.000000
1772096088_C02	39788.000000	44910.000000
1772072240_B01	33538.000000	19960.000000
1772072240_B11	30221.000000	23808.000000
1772089196_E09	33615.000000	24182.000000
1772078016_G03	26884.000000	25957.000000
1772072240_D03	33213.000000	21406.000000
1772094136_D04	24608.000000	23547.000000
1772096103_F06	30611.000000	27047.000000
1772099073_F08	34594.000000	26318.000000
1772089194_H03	32913.000000	27666.000000
1772096087_B02	28715.000000	28513.000000
1772099047_F12	33005.000000	25903.000000
1772075304_D01	27559.000000	32979.000000
1772075317_H08	27192.000000	27690.000000
1772089199_C11	27520.000000	26488.000000
1772096087_H10	29198.000000	26830.000000
1772096084_E10	33953.000000	27137.000000
1772096088_F11	30419.000000	24544.000000
1772096088_E10	27166.000000	29410.000000
1772092009_F02	30668.000000	31850.000000
1772099038_E11	38349.000000	42593.000000
1772099001_D10	30558.000000	26494.000000
1772089205_A06	25398.000000	46921.000000
1772096136_A02	30376.000000	25495.000000
1772062118_G05	33279.000000	26645.000000
1772089199_A04	27229.000000	27450.000000
1772099084_G10	46483.000000	31313.000000
1772075305_A11	27923.000000	28312.000000
1772094153_E07	35055.000000	36337.000000
1772089199_A05	28982.000000	28507.000000
1772096086_G02	26686.000000	28218.000000
1772092003_B02	28124.000000	28799.000000
1772066098_B11	31003.000000	29882.000000
1772089194_C01	30303.000000	28283.000000
1772117100_B07	44380.000000	44050.000000
1772099055_F06	27987.000000	24845.000000
1772075304_B10	27519.000000	28205.000000
1772096086_E06	26579.000000	24915.000000
1772117158_H08	43907.000000	43902.000000
1772084021_D12	32212.000000	31549.000000
1862091053_G03	39205.000000	40316.000000
1772096084_D02	25845.000000	23301.000000
1772099075_B11	40317.000000	45552.000000
1772062118_E01	49780.000000	38877.000000
1772099026_G07	32690.000000	28554.000000
1772096101_D12	31297.000000	30889.000000
1772094135_C12	32131.000000	23854.000000
1772078017_B05	37804.000000	43045.000000
1772099153_H02	45672.000000	45681.000000
1772096154_G06	28391.000000	18864.000000
1772089194_A02	30579.000000	23143.000000
1772089188_B11	36275.000000	21380.000000
1772089205_E02	29607.000000	23402.000000
1772096138_B02	40757.000000	41310.000000
1772096141_A05	34550.000000	27035.000000
1862091045_A08	38915.000000	44242.000000
1772099046_C12	39145.000000	45346.000000
1772089194_A07	32153.000000	23186.000000
1772096110_B10	27279.000000	20533.000000
1772096084_G04	27143.000000	24768.000000
1772099031_B02	31989.000000	29597.000000
1862091029_F02	38883.000000	43914.000000
1772089190_E04	31002.000000	23647.000000
1772092308_C01	31539.000000	24861.000000
1772096101_B11	32834.000000	29528.000000
1772092314_A12	37496.000000	33307.000000
1772092008_E12	33230.000000	22367.000000
1772075305_A07	38700.000000	46087.000000
1772096110_A04	32742.000000	24445.000000
1772094147_F10	36727.000000	33523.000000
1772084018_G04	32010.000000	24648.000000
1772094135_B05	25990.000000	20961.000000
1772099070_E02	33708.000000	26965.000000
1772075305_B03	25128.000000	21678.000000
1862091042_D11	35233.000000	23514.000000
1772096100_B10	28849.000000	22885.000000
1771017037_G07	33884.000000	23724.000000
1772096133_H06	46480.000000	24214.000000
1772099091_F06	25135.000000	46660.000000
1772084020_H05	34693.000000	23711.000000
1772099301_A06	33511.000000	20631.000000
1772092304_A03	24317.000000	19185.000000
1772060225_D10	29796.000000	20067.000000
1772078016_A12	26514.000000	23480.000000
1772096084_H10	26591.000000	23250.000000
1772096099_B04	39409.000000	43896.000000
1772096132_B08	30267.000000	52217.000000
1772096136_B11	37751.000000	40994.000000
1772072240_F10	25399.000000	45245.000000
1772075305_B05	39089.000000	46224.000000
1772099044_E09	34140.000000	24905.000000
1772092304_B02	32816.000000	24124.000000
1772092008_F01	30155.000000	23389.000000
1772096140_A06	34914.000000	27355.000000
1772099301_D11	41337.000000	44845.000000
1772096135_D06	32566.000000	26219.000000
1772099043_E04	33952.000000	18772.000000
1772096118_E06	35306.000000	20958.000000
1772096106_C12	30798.000000	22782.000000
1772099316_G03	44796.000000	44190.000000
1772099155_G03	33530.000000	24137.000000
1772075304_E12	25420.000000	17098.000000
1772078013_A10	35317.000000	12072.000000
1772078030_F07	34271.000000	24997.000000
1862091021_B12	26355.000000	47003.000000
1772099026_E09	33488.000000	27668.000000
1772089194_F03	46307.000000	24072.000000
1772084021_B05	39550.000000	43339.000000
1772084020_C10	31541.000000	30650.000000
1772099092_G09	32062.000000	23160.000000
1772060225_H11	35507.000000	25620.000000
1772096141_D02	35138.000000	27082.000000
1772096099_C02	30362.000000	24594.000000
1772092009_E04	37273.000000	21954.000000
1772084014_B11	36148.000000	22137.000000
1772096172_E11	36515.000000	22763.000000
1772096149_D05	21708.000000	17824.000000
1772099014_A09	39606.000000	19968.000000
1772096103_B09	33732.000000	27631.000000
1772096154_E08	35916.000000	30583.000000
1772096088_E05	33328.000000	23774.000000
1772084017_D05	38859.000000	44954.000000
1772092311_A04	38457.000000	34053.000000
1772096173_B12	240.000000	65245.000000
1772072243_B10	32528.000000	25199.000000
1772092277_E11	37254.000000	18086.000000
1772084020_F11	38701.000000	19397.000000
1772092289_D05	38424.000000	37166.000000
1772099155_D04	34909.000000	17134.000000
1772099014_C08	38623.000000	20916.000000
1772099044_E03	31383.000000	32289.000000
1772096084_D12	34090.000000	22958.000000
1772096141_F10	35197.000000	27042.000000
1772078019_E12	33506.000000	17706.000000
1772099015_D02	37864.000000	20191.000000
1772096140_D05	40086.000000	40897.000000
1772096138_G07	39232.000000	41274.000000
1772099305_A06	32717.000000	23032.000000
1772099046_D05	31804.000000	24160.000000
1772078030_B03	37453.000000	19864.000000
1772096134_E02	38972.000000	42046.000000
1772089196_A05	33529.000000	23581.000000
1772099083_C06	39683.000000	44964.000000
1772096141_A04	34193.000000	26595.000000
1772099046_E11	31041.000000	23588.000000
1772094136_F05	36326.000000	21655.000000
1772096117_A06	32951.000000	22442.000000
1772092012_E07	33866.000000	22020.000000
1862091110_E08	36355.000000	36858.000000
1772117151_E10	37138.000000	20295.000000
1772099009_G04	33580.000000	21310.000000
1772096103_C06	35025.000000	24940.000000
1772099002_E10	31949.000000	23694.000000
1772089202_C01	37595.000000	20685.000000
1772096133_E08	39498.000000	40932.000000
1772096173_C02	38219.000000	35337.000000
1772117108_F03	31012.000000	22805.000000
1772117097_H01	31108.000000	15709.000000
1772096148_D04	26620.000000	26996.000000
1772096101_F10	32928.000000	18654.000000
1772096162_D03	38547.000000	19127.000000
1772096108_B06	29010.000000	22082.000000
1772089187_A10	36129.000000	33308.000000
1772099014_G03	45798.000000	31043.000000
1772092003_F09	36191.000000	20533.000000
1772096140_F04	34878.000000	26517.000000
1772096162_C07	31939.000000	26134.000000
1772099152_D10	42646.000000	44033.000000
1772089188_A05	37323.000000	21904.000000
1772096085_D12	36265.000000	21379.000000
1772072240_B08	37781.000000	18296.000000
1772096134_A07	46295.000000	24059.000000
1772096154_B12	35920.000000	22267.000000
1772096141_B04	38143.000000	19957.000000
1772072243_F03	26200.000000	22244.000000
1772099043_A05	37865.000000	21077.000000
1772094136_F10	38483.000000	17593.000000
1772078030_G01	31486.000000	22002.000000
1772099091_C06	25232.000000	21884.000000
1772096148_F03	31894.000000	22669.000000
1772096101_B07	31405.000000	22680.000000
1772096165_E09	38480.000000	44192.000000
1772096172_C09	35402.000000	24436.000000
1772099301_G09	45126.000000	43948.000000
1772089199_H11	32272.000000	19246.000000
1772096101_C12	30170.000000	29783.000000
1772096100_A05	33628.000000	26398.000000
1772089186_C08	46325.000000	24019.000000
1772099314_F07	32992.000000	19385.000000
1772096126_A12	34813.000000	27193.000000
1771017028_H09	35460.000000	20881.000000
1772089195_E06	32048.000000	16786.000000
1772096135_H12	29968.000000	25696.000000
1772096102_A06	32002.000000	31856.000000
1772084020_F08	37887.000000	34753.000000
1772072243_C04	27962.000000	24972.000000
1772117039_A12	33910.000000	18081.000000
1771051147_C03	30522.000000	17564.000000
1772099305_F12	46420.000000	31116.000000
1772089202_F06	40121.000000	45485.000000
1772096085_C08	22304.000000	16349.000000
1772096135_F02	26644.000000	27247.000000
1772078030_F12	33408.000000	25739.000000
1772072118_A01	38925.000000	20817.000000
1772075309_G08	39244.000000	45751.000000
1771017036_G01	39080.000000	30654.000000
1772096135_E05	38328.000000	41615.000000
1772072240_H07	25373.000000	23009.000000
1772075305_E04	39799.000000	45418.000000
1772099035_G11	39069.000000	17032.000000
1772125078_C01	28155.000000	20998.000000
1772099045_D11	25117.000000	18355.000000
1772096139_C05	39156.000000	45477.000000
1772099303_D12	37699.000000	14496.000000
1772078029_D11	26630.000000	26838.000000
1772096097_B02	46239.000000	24627.000000
1772096136_E05	30317.000000	28603.000000
1772096106_B01	27401.000000	21255.000000
1772078031_G01	40278.000000	42072.000000
1772099012_D09	25291.000000	22821.000000
1772096094_B11	22815.000000	20531.000000
1772072243_D11	43314.000000	45159.000000
1772117158_E08	29294.000000	14042.000000
1772096086_E02	28871.000000	21643.000000
1772072242_A06	31360.000000	24031.000000
1772062109_A03	39844.000000	34575.000000
1772078018_B10	37711.000000	16678.000000
1772099028_F06	40420.000000	44995.000000
1772096101_E12	32012.000000	32064.000000
1772089194_F05	34517.000000	23455.000000
1772096097_C12	32488.000000	30211.000000
1772078029_B01	39742.000000	17786.000000
1772075310_E11	31101.000000	24598.000000
1772096101_H02	37193.000000	39775.000000
1772078030_F08	37680.000000	16272.000000
1772096141_D12	38978.000000	20629.000000
1772075304_C12	31463.000000	27608.000000
1772099002_E12	39479.000000	45491.000000
1772096108_A01	38044.000000	21619.000000
1772099154_F08	37956.000000	13796.000000
1772089200_C04	25830.000000	19085.000000
1772096138_D12	33818.000000	29643.000000
1772096100_E12	35199.000000	23371.000000
1772072243_D12	31261.000000	24140.000000
1772067092_F04	38729.000000	21429.000000
1772096110_A03	26425.000000	15136.000000
1772099008_E02	23893.000000	9228.000000
1772099153_B03	27330.000000	17329.000000
1772096110_E05	31764.000000	29422.000000
1772099030_D06	38706.000000	15401.000000
1772099014_A02	36260.000000	2937.000000
1772096100_B02	32675.000000	34258.000000
1772096096_A12	40176.000000	41288.000000
1772072243_F10	44142.000000	45558.000000
1772066104_C11	31923.000000	19589.000000
1772096148_A09	31485.000000	32551.000000
1772078023_B11	31576.000000	18839.000000
1772092003_D02	26368.000000	25096.000000
1772096132_D08	34415.000000	26971.000000
1772099041_C12	39598.000000	12831.000000
1772096135_A07	29542.000000	20811.000000
1772096139_E04	38578.000000	42487.000000
1772096083_C08	37332.000000	18193.000000
1772099152_B08	33591.000000	16330.000000
1772072243_H06	46341.000000	24026.000000
1772094143_A02	30585.000000	21574.000000
1772096140_F02	38741.000000	44613.000000
1772099031_E11	38938.000000	43713.000000
1772092003_D08	32000.000000	25505.000000
1772075304_C08	30853.000000	26498.000000
1772072243_G08	29735.000000	31915.000000
1771051147_G03	30933.000000	17704.000000
1771051147_H04	21135.000000	57542.000000
1771051147_D08	38453.000000	13697.000000
1771051147_E08	38994.000000	18999.000000
1772117038_E05	39212.000000	19783.000000
1772117039_B06	27605.000000	20039.000000
1772125078_B02	39166.000000	19079.000000
1772099091_F08	30118.000000	51057.000000
1772099315_E07	38794.000000	15632.000000
1772099315_F07	44382.000000	43473.000000
1772099304_F05	37132.000000	18516.000000
1772117154_F04	36309.000000	13671.000000
1772117154_F10	33256.000000	24584.000000
1772117111_E08	39016.000000	13497.000000
1772099101_G07	38479.000000	20908.000000
1772117151_D02	46499.000000	31277.000000
1772096099_B08	39376.000000	44533.000000
1772096101_C07	35003.000000	19655.000000
1772099010_G06	24812.000000	16546.000000
1772075304_F07	46272.000000	23981.000000
1772072243_A10	24942.000000	22747.000000
1772072242_A10	30807.000000	24564.000000
1772099001_C06	31837.000000	20571.000000
1772096139_D07	33056.000000	32737.000000
1772096102_D08	32381.000000	32444.000000
1772096133_D08	63642.000000	40048.000000
1772096132_B11	30955.000000	27752.000000
1772067096_F04	31060.000000	19044.000000
1772092011_F03	46185.000000	24105.000000
1772117156_D06	34250.000000	13676.000000
1772099215_G04	49658.000000	39195.000000
1862091118_C05	46423.000000	31360.000000
1772096136_D07	30304.000000	52074.000000
1772066108_E12	38732.000000	33547.000000
1772096141_C01	33047.000000	30658.000000
1862091110_F10	38638.000000	40397.000000
1772096141_A02	32323.000000	30670.000000
1772099015_A07	37244.000000	15241.000000
1772096103_E07	33859.000000	24013.000000
1772125078_F07	26973.000000	18633.000000
1772099091_H05	38856.000000	20601.000000
1772117123_A07	27719.000000	17332.000000
1772096084_H04	23184.000000	20972.000000
1772096138_F11	38388.000000	42934.000000
1772096108_D05	36288.000000	23185.000000
1772096132_E09	38995.000000	44200.000000
1772096088_D01	27684.000000	26054.000000
1772096135_B03	29278.000000	23279.000000
1772067059_D12	31306.000000	23885.000000
1772117107_H07	32396.000000	21800.000000
1772096149_D08	34620.000000	17916.000000
1772099035_E04	39898.000000	45460.000000
1772075310_D09	39112.000000	45170.000000
1772072243_H11	25527.000000	19011.000000
1771051147_F03	40021.000000	15185.000000
1772092012_F04	39097.000000	45885.000000
1772096099_C07	30285.000000	52174.000000
1772096146_E02	40261.000000	45425.000000
1772099045_A12	24213.000000	14362.000000
1772099003_E04	33696.000000	22400.000000
1772078028_F06	31533.000000	25779.000000
1771017036_F06	27379.000000	24279.000000
1772096134_G02	38963.000000	39257.000000
1772117154_H07	23933.000000	18995.000000
1771051147_H09	27644.000000	21541.000000
1772078016_G01	32889.000000	24761.000000
1772099316_H03	30970.000000	30308.000000
1772096138_A03	34725.000000	26922.000000
1772078033_C07	21668.000000	17653.000000
1772075305_G05	39186.000000	46485.000000
1772075310_H10	30887.000000	23177.000000
1772096091_D04	22211.000000	18466.000000
1772096085_A11	28817.000000	21787.000000
1772092003_C11	46144.000000	31194.000000
1772096135_B07	38875.000000	19125.000000
1772072240_F03	33980.000000	19644.000000
1772096088_B01	31581.000000	28023.000000
1772071055_B03	38872.000000	36366.000000
1772096118_C01	39512.000000	40358.000000
1772071045_D02	31910.000000	21511.000000
1772094135_D02	41379.000000	40085.000000
1772067059_G06	32631.000000	20057.000000
1772099015_G09	37894.000000	19889.000000
1772096149_A04	22108.000000	16392.000000
1772071055_A04	32623.000000	30789.000000
1772096085_C07	22787.000000	16583.000000
1772125078_E03	25900.000000	21693.000000
1772099091_E08	38554.000000	19772.000000
1772117154_E10	45502.000000	45130.000000
1772075310_D08	39866.000000	46190.000000
1772099047_F04	33008.000000	19859.000000
1772075305_E12	46438.000000	24125.000000
1772094135_B12	30953.000000	24899.000000
1772092002_F11	40111.000000	45360.000000
1772096168_D10	39578.000000	45436.000000
1772099143_E06	39209.000000	37763.000000
1772071055_C11	26570.000000	10341.000000
1772117099_B05	33044.000000	19758.000000
1772099047_E03	27303.000000	21936.000000
1772078017_H06	39100.000000	46576.000000
1772096141_E09	38502.000000	43348.000000
1772117057_C02	33028.000000	21976.000000
1772117057_E08	25614.000000	25344.000000
1772084021_D05	37842.000000	43266.000000
1772099093_G10	44347.000000	45738.000000
1772096140_E11	35997.000000	38228.000000
1772099009_G12	26093.000000	19977.000000
1772099090_B06	25035.000000	18663.000000
1772094155_G04	38406.000000	37243.000000
1772096086_D02	25937.000000	25697.000000
1772099033_B06	31859.000000	29947.000000
1772096085_A10	27216.000000	21563.000000
1772096103_A03	30657.000000	23570.000000
1862091028_C10	38300.000000	42601.000000
1772117104_H01	29882.000000	19359.000000
1772096110_H03	32600.000000	31479.000000
1772099093_B03	32202.000000	22696.000000
1772094111_A02	44744.000000	30683.000000
1772117137_F02	32938.000000	22281.000000
1772089194_E07	46265.000000	23965.000000
1772096116_E07	27343.000000	24988.000000
1772094135_C10	29121.000000	21781.000000
1772096088_B07	36628.000000	21644.000000
1772089200_E08	30641.000000	26137.000000
1772063061_D02	35196.000000	18662.000000
1772092288_B06	35986.000000	21084.000000
1772089205_C02	27660.000000	23445.000000
1772092304_E06	34618.000000	24266.000000
1772062111_F06	30750.000000	25075.000000
1772096110_C08	31764.000000	25210.000000
1772063063_F05	29834.000000	19206.000000
1772096091_E10	29226.000000	21551.000000
1772099081_H11	37369.000000	21703.000000
1772096088_E07	24667.000000	20463.000000
1772099001_H06	32764.000000	18860.000000
1772099002_A02	39868.000000	45192.000000
1772096152_B08	37070.000000	17069.000000
1772096091_F02	26460.000000	23807.000000
1772096085_F07	41567.000000	39857.000000
1772094135_C02	41483.000000	44810.000000
1772099084_H01	35127.000000	26574.000000
1862091114_H05	39416.000000	40323.000000
1772062111_C08	29921.000000	27852.000000
1772094116_G07	37921.000000	34751.000000
1772096083_B09	37237.000000	23336.000000
1772096087_G11	25058.000000	21067.000000
1772092298_G08	39632.000000	39145.000000
1772067077_F03	27658.000000	20666.000000
1772092303_E01	36674.000000	24698.000000
1772062111_B10	29708.000000	21884.000000
1772092312_E07	38881.000000	34999.000000
1772094143_B01	36599.000000	18226.000000
1772078033_F02	36177.000000	34161.000000
1772092309_A07	39503.000000	45136.000000
1772092264_D10	34892.000000	23795.000000
1772096156_B04	24553.000000	21779.000000
1772066108_H05	36843.000000	34153.000000
1772094136_C09	40939.000000	45938.000000
1772094135_G10	39223.000000	45338.000000
1772092318_C08	34726.000000	23066.000000
1772078033_F01	38232.000000	34383.000000
1772092312_C05	34748.000000	22660.000000
1772094135_H12	34028.000000	18978.000000
1772096092_B09	20836.000000	17448.000000
1772096084_A07	23389.000000	21360.000000
1772092304_D05	33629.000000	27818.000000
1772092264_D12	31944.000000	23950.000000
1772067063_G11	27951.000000	22961.000000
1772092304_A09	35366.000000	21995.000000
1862091037_B07	34466.000000	26433.000000
1772078024_A11	25763.000000	23040.000000
1772062111_C01	28830.000000	21576.000000
1772094153_C10	34433.000000	26645.000000
1772092312_D03	36421.000000	20009.000000
1772092264_H05	35818.000000	26992.000000
1772092264_A09	27792.000000	19688.000000
1772092265_D11	38850.000000	34014.000000
1772084018_A06	37667.000000	20086.000000
1772094131_A03	38873.000000	36471.000000
1772096108_G03	32742.000000	21549.000000
1772092318_B09	30331.000000	23785.000000
1772096084_F11	29202.000000	21484.000000
1772092312_B10	38101.000000	32821.000000
1772078033_D05	35922.000000	23100.000000
1772078052_E12	37421.000000	20202.000000
1772078033_G10	21897.000000	18389.000000
1772096108_A04	22125.000000	16719.000000
1772099047_B07	30911.000000	24261.000000
1772060225_E07	38437.000000	34378.000000
1772060240_F11	37114.000000	32098.000000
1772099035_G02	39191.000000	43580.000000
1772066102_E10	29999.000000	18293.000000
1772096156_D04	34547.000000	24815.000000
1772096084_F08	33179.000000	27426.000000
1772099047_C03	36422.000000	23188.000000
1772096088_H10	35152.000000	18008.000000
1772092309_D03	37885.000000	41091.000000
1772099038_G01	32981.000000	31278.000000
1772092319_G03	29670.000000	30277.000000
1862091049_E11	39108.000000	42074.000000
1772099036_D02	31282.000000	21083.000000
1772060225_F06	33578.000000	23856.000000
1772099305_B10	45637.000000	46215.000000
1772117158_B02	32632.000000	16773.000000
1772099303_F06	44171.000000	45023.000000
1772089196_D02	32465.000000	24282.000000
1772099050_E03	38789.000000	19710.000000
1772096091_H01	21938.000000	15528.000000
1772096092_F05	25853.000000	19991.000000
1772096108_H08	37427.000000	16356.000000
1772096151_C03	35908.000000	17580.000000
1772117158_E02	36269.000000	15616.000000
1772092264_E03	35774.000000	21962.000000
1772096085_E03	25674.000000	21963.000000
1772099001_E08	34202.000000	23731.000000
1772099215_A12	21387.000000	57609.000000
1862091022_F04	39227.000000	43618.000000
1772096110_H08	29053.000000	21896.000000
1772096106_C11	25511.000000	20446.000000
1772117097_G03	29214.000000	24013.000000
1772096162_D05	38737.000000	42871.000000
1772117104_A04	26061.000000	19892.000000
1772096136_A03	28011.000000	24993.000000
1772096133_B09	39381.000000	42595.000000
1772062113_G12	30080.000000	24423.000000
1772063070_E07	64046.000000	39464.000000
1772096136_A05	30156.000000	52223.000000
1772117059_F02	35667.000000	22625.000000
1772078017_C12	28563.000000	20607.000000
1772099045_F12	33897.000000	20993.000000
1772096103_C07	38133.000000	41391.000000
1771017036_C01	34677.000000	23786.000000
1772099092_E06	26497.000000	20159.000000
1772089190_G02	32659.000000	24567.000000
1771017151_A11	38704.000000	20243.000000
1772117055_H11	27346.000000	17913.000000
1772092008_G03	35441.000000	21726.000000
1772089186_E11	32185.000000	24077.000000
1772099010_G02	25325.000000	19530.000000
1772092295_F09	37808.000000	20523.000000
1772096106_E02	117.000000	65397.000000
1772084018_E03	21739.000000	17884.000000
1772099215_H04	34236.000000	22500.000000
1772092265_E11	36751.000000	33015.000000
1772099301_C06	34455.000000	16774.000000
1772096132_F02	29746.000000	27236.000000
1772099015_H11	38337.000000	19647.000000
1772092303_C10	37796.000000	33129.000000
1772089187_E12	38354.000000	19220.000000
1772078014_C10	35119.000000	22524.000000
1772072240_H02	37341.000000	20556.000000
1772117101_C08	30337.000000	52379.000000
1772063074_C02	32700.000000	24895.000000
1772096132_E04	34441.000000	24116.000000
1862091112_D05	38932.000000	38763.000000
1772099091_F07	30695.000000	23097.000000
1772099087_D09	38021.000000	40296.000000
1772096099_D04	29708.000000	18749.000000
1772072242_C04	36845.000000	16527.000000
1772096085_H08	26883.000000	24712.000000
1772096136_H03	36912.000000	36811.000000
1772117123_A02	29578.000000	19011.000000
1772117031_B07	20877.000000	57187.000000
1772099002_E09	88.000000	65432.000000
1772099009_H05	27729.000000	24341.000000
1772117104_H12	25370.000000	19745.000000
1772099008_C05	34121.000000	23234.000000
1772096091_G07	33948.000000	24385.000000
1772096168_D04	39747.000000	45044.000000
1772084020_D05	35179.000000	24231.000000
1772117057_D06	35874.000000	17383.000000
1772078019_A03	39030.000000	43326.000000
1772096128_C03	33920.000000	26199.000000
1772096173_B08	37704.000000	21095.000000
1772096096_D12	39589.000000	43974.000000
1772099301_F02	31021.000000	20700.000000
1772099152_G03	37140.000000	16172.000000
1772099046_C05	33809.000000	23674.000000
1772078022_D06	32339.000000	25363.000000
1772096106_C05	36337.000000	22571.000000
1772099001_C05	33914.000000	23641.000000
1772099045_D10	34695.000000	23209.000000
1772099003_E12	37115.000000	20488.000000
1772117099_D02	30252.000000	23967.000000
1772084020_A06	39022.000000	46493.000000
1772099037_A04	49056.000000	38508.000000
1772099008_A02	33510.000000	22226.000000
1772084021_E11	39206.000000	43820.000000
1772096100_H11	39055.000000	44321.000000
1772099081_H02	38077.000000	20462.000000
1772096133_C01	39367.000000	44708.000000
1772096128_C04	39272.000000	44332.000000
1772094135_A12	38915.000000	39291.000000
1772092296_G04	30276.000000	24473.000000
1772099002_A10	30564.000000	24487.000000
1772096116_C12	35063.000000	23846.000000
1772096175_A06	38798.000000	46196.000000
1772078031_H01	32749.000000	25828.000000
1772067091_F10	36893.000000	20975.000000
1772094135_F05	37013.000000	20554.000000
1772099031_A06	39340.000000	40417.000000
1772099152_G01	34773.000000	23001.000000
1772096085_F12	39304.000000	19285.000000
1772096088_G05	34514.000000	26752.000000
1772099305_G01	44800.000000	44637.000000
1772117101_B03	45713.000000	45673.000000
1772099081_G07	38681.000000	42218.000000
1772117124_H12	34048.000000	20421.000000
1772099072_B01	33934.000000	27638.000000
1772078018_H03	38872.000000	46725.000000
1862091019_A09	38395.000000	41268.000000
1772099001_F07	29988.000000	23399.000000
1772096099_H09	39446.000000	43789.000000
1772117102_G08	26722.000000	23212.000000
1772099076_C12	35150.000000	23190.000000
1772099084_G08	33895.000000	28640.000000
1772099001_A07	34201.000000	21723.000000
1772089205_C12	35013.000000	23035.000000
1772099041_A07	37821.000000	15725.000000
1772096172_E03	30208.000000	52237.000000
1772096162_D06	40219.000000	17324.000000
1772078014_H08	37469.000000	21275.000000
1772096086_G10	36304.000000	23172.000000
1772067092_B06	30964.000000	22471.000000
1772099014_E01	39697.000000	18415.000000
1772096092_B12	38237.000000	18798.000000
1772096175_C01	36612.000000	21349.000000
1772078030_B08	35081.000000	20073.000000
1772066096_C01	37730.000000	33270.000000
1772078013_B03	35073.000000	19820.000000
1772094111_E05	39122.000000	19287.000000
1772099075_E01	36257.000000	17400.000000
1772096103_D12	39253.000000	42114.000000
1862091039_F10	36807.000000	23206.000000
1772099152_C05	33777.000000	21380.000000
1772099045_F11	33764.000000	18873.000000
1772099091_H12	49859.000000	38261.000000
1772099092_H07	33883.000000	13559.000000
1772099313_D06	46128.000000	23896.000000
1772117154_D12	37445.000000	13951.000000
1772117108_C01	34324.000000	22901.000000
1772099001_E02	22274.000000	19608.000000
1862091113_F08	39250.000000	37715.000000
1772096126_D11	35218.000000	21074.000000
1772096120_D09	34945.000000	23766.000000
1772096108_B11	24104.000000	21190.000000
1772096140_F08	34765.000000	27237.000000
1772096165_A01	35067.000000	26702.000000
1772078028_G11	39290.000000	45683.000000
1772096154_A01	38192.000000	21131.000000
1772099053_D04	33913.000000	22502.000000
1772117107_C06	29591.000000	21226.000000
1772096116_C09	35364.000000	21799.000000
1772096106_F06	24253.000000	20488.000000
1772117107_F06	36072.000000	14664.000000
1772096085_E05	26258.000000	20791.000000
1772096110_B11	29993.000000	24007.000000
1772096156_A06	25281.000000	19902.000000
1772096132_D12	35435.000000	18714.000000
1772096121_F05	37626.000000	19370.000000
1772094143_E09	36596.000000	17660.000000
1772089205_D09	39782.000000	45051.000000
1772092276_B11	35800.000000	17495.000000
1772099001_C03	30460.000000	22084.000000
1772096168_F11	34925.000000	21396.000000
1772096087_A02	39699.000000	37133.000000
1772096103_A05	37361.000000	20192.000000
1772099027_G02	39304.000000	38164.000000
1772089186_A04	31879.000000	21985.000000
1772072240_A06	37623.000000	17040.000000
1772096103_D07	38815.000000	19657.000000
1772099082_E03	38662.000000	20133.000000
1772096132_F12	37054.000000	19495.000000
1772096144_D04	37829.000000	39455.000000
1772099081_F01	38534.000000	19630.000000
1772075304_A09	30309.000000	23394.000000
1772092261_E06	39068.000000	37315.000000
1862091039_C07	39398.000000	18876.000000
1772084014_D01	39040.000000	40487.000000
1772099039_A07	37088.000000	18615.000000
1772092293_A10	37959.000000	33868.000000
1772092013_E10	37058.000000	16612.000000
1772099075_F02	39566.000000	44372.000000
1772096085_F05	34025.000000	24669.000000
1772099002_G08	36907.000000	19366.000000
1772096138_A12	32353.000000	26480.000000
1772096118_A11	33520.000000	22609.000000
1772099033_A05	37789.000000	20937.000000
1772089201_E06	38881.000000	17566.000000
1772099071_B04	38564.000000	41866.000000
1772096154_H06	28309.000000	22105.000000
1772099047_F08	33488.000000	23156.000000
1772099041_B03	37480.000000	15611.000000
1772099301_G10	33904.000000	17460.000000
1772117154_A03	36136.000000	14028.000000
1772117123_E03	46065.000000	45149.000000
1772117101_B10	46946.000000	46459.000000
1772117103_E08	26292.000000	21694.000000
1772117103_B11	33380.000000	14294.000000
1772096140_D12	35004.000000	28399.000000
1772096138_E02	36308.000000	22970.000000
1772078018_E10	35191.000000	22353.000000
1772117101_F10	35750.000000	20050.000000
1772099015_C05	37380.000000	19769.000000
1772089199_G04	31742.000000	22629.000000
1772099043_B06	37247.000000	18559.000000
1772096156_D09	37213.000000	20368.000000
1772062111_D09	39384.000000	33868.000000
1772096134_H11	35157.000000	25544.000000
1862091020_D10	39135.000000	43430.000000
1862091030_H01	39112.000000	43394.000000
1772096151_F10	38755.000000	17986.000000
1772099046_D07	27388.000000	20563.000000
1772092012_B01	39297.000000	45860.000000
1772099084_C08	46400.000000	31400.000000
